Survived,Pclass,Age,SibSp,Parch,Fare,Sex_female,Sex_male,Embarked_C,Embarked_Q,Embarked_S
0,3,-0.5921615067077898,0.43255042804180416,-0.4734077245683853,-0.5021631365156053,0,1,0,0,1
1,1,0.638416962553639,0.43255042804180416,-0.4734077245683853,0.7864036178345382,1,0,1,0,0
1,3,-0.2845168893924326,-0.4742788222764252,-0.4734077245683853,-0.48857985158126094,1,0,0,0,1
1,1,0.40768349956712113,0.43255042804180416,-0.4734077245683853,0.42049406976540915,1,0,0,0,1
0,3,0.40768349956712113,-0.4742788222764252,-0.4734077245683853,-0.48606442844527126,0,1,0,0,1
0,3,5.438162427277613e-05,-0.4742788222764252,-0.4734077245683853,-0.47784805031387456,0,1,0,1,0
0,1,1.8689954318150677,-0.4742788222764252,-0.4734077245683853,0.39559138071911126,0,1,0,0,1
0,3,-2.1303845932845755,2.246208928678263,0.7671989889328833,-0.22395733767514672,0,1,0,0,1
1,3,-0.20760573506359328,-0.4742788222764252,2.007805702434152,-0.4240179952036955,1,0,0,0,1
1,2,-1.207450741338504,0.43255042804180416,-0.4734077245683853,-0.042931390101259084,1,0,1,0,0
1,3,-1.976562284626897,0.43255042804180416,0.7671989889328833,-0.3119971474347855,1,0,0,0,1
1,1,2.176640049130425,-0.4742788222764252,-0.4734077245683853,-0.11378180431879874,1,0,0,0,1
0,3,-0.7459838153654683,-0.4742788222764252,-0.4734077245683853,-0.48606442844527126,0,1,0,0,1
0,3,0.7153281168824783,0.43255042804180416,5.729625842937959,-0.01869880977838891,0,1,0,0,1
0,3,-1.207450741338504,-0.4742788222764252,-0.4734077245683853,-0.49000458724548557,1,0,0,0,1
1,2,1.945906586143907,-0.4742788222764252,-0.4734077245683853,-0.3260835169963277,1,0,0,0,1
0,3,-2.1303845932845755,3.1530381789964923,0.7671989889328833,-0.06196408771741136,0,1,0,1,0
1,2,5.438162427277613e-05,-0.4742788222764252,-0.4734077245683853,-0.38645367226008,0,1,0,0,1
0,3,0.10003888225176391,0.43255042804180416,-0.4734077245683853,-0.2858367468204928,1,0,0,0,1
1,3,5.438162427277613e-05,-0.4742788222764252,-0.4734077245683853,-0.5026662211428031,1,0,1,0,0
0,2,0.40768349956712113,-0.4742788222764252,-0.4734077245683853,-0.12484966611715334,0,1,0,0,1
1,2,0.3307723452382818,-0.4742788222764252,-0.4734077245683853,-0.38645367226008,0,1,0,0,1
1,3,-1.1305395870096648,-0.4742788222764252,-0.4734077245683853,-0.4864829948551,1,0,0,1,0
1,1,-0.13069458073475398,-0.4742788222764252,-0.4734077245683853,0.06632249221806229,0,1,0,0,1
0,3,-1.66891766731154,2.246208928678263,0.7671989889328833,-0.22395733767514672,1,0,0,0,1
1,3,0.638416962553639,0.43255042804180416,5.729625842937959,-0.01643492895599818,1,0,0,0,1
0,3,5.438162427277613e-05,-0.4742788222764252,-0.4734077245683853,-0.5026662211428031,0,1,1,0,0
0,1,-0.8228949696943076,2.246208928678263,2.007805702434152,4.6443925997192785,0,1,0,0,1
1,3,5.438162427277613e-05,-0.4742788222764252,-0.4734077245683853,-0.48950150261828757,1,0,0,1,0
0,3,5.438162427277613e-05,-0.4742788222764252,-0.4734077245683853,-0.48916745442582815,0,1,0,0,1
0,1,0.7922392712113175,-0.4742788222764252,-0.4734077245683853,-0.09022134505786501,0,1,1,0,0
1,1,5.438162427277613e-05,0.43255042804180416,-0.4734077245683853,2.3004368033867264,1,0,1,0,0
1,3,5.438162427277613e-05,-0.4742788222764252,-0.4734077245683853,-0.4921014439716465,1,0,0,1,0
0,2,2.791929283761139,-0.4742788222764252,-0.4734077245683853,-0.4367621349798736,0,1,0,0,1
0,1,-0.13069458073475398,0.43255042804180416,-0.4734077245683853,1.0054969729792393,0,1,1,0,0
0,1,0.9460615798689962,0.43255042804180416,-0.4734077245683853,0.3983583461687,0,1,0,0,1
1,3,5.438162427277613e-05,-0.4742788222764252,-0.4734077245683853,-0.5025817029254339,0,1,1,0,0
0,3,-0.6690726610366291,-0.4742788222764252,-0.4734077245683853,-0.48606442844527126,0,1,0,0,1
0,3,-0.899806124023147,1.3393796783600334,-0.4734077245683853,-0.2858367468204928,1,0,0,0,1
1,3,-1.207450741338504,0.43255042804180416,-0.4734077245683853,-0.42183662026016516,1,0,1,0,0
0,3,0.7922392712113175,0.43255042804180416,-0.4734077245683853,-0.45738860469498893,1,0,0,0,1
0,2,-0.20760573506359328,0.43255042804180416,-0.4734077245683853,-0.2254665915567405,1,0,0,0,1
0,3,5.438162427277613e-05,-0.4742788222764252,-0.4734077245683853,-0.48916745442582815,0,1,1,0,0
1,2,-2.0534734389557365,0.43255042804180416,2.007805702434152,0.18865657484452994,1,0,1,0,0
1,3,-0.8228949696943076,-0.4742788222764252,-0.4734077245683853,-0.48950150261828757,1,0,0,1,0
0,3,5.438162427277613e-05,-0.4742788222764252,-0.4734077245683853,-0.48606442844527126,0,1,0,0,1
0,3,5.438162427277613e-05,0.43255042804180416,-0.4734077245683853,-0.3361452095402864,0,1,0,1,0
1,3,5.438162427277613e-05,-0.4742788222764252,-0.4734077245683853,-0.4921014439716465,1,0,0,1,0
0,3,5.438162427277613e-05,1.3393796783600334,-0.4734077245683853,-0.21179878840502697,0,1,1,0,0
0,3,-0.899806124023147,0.43255042804180416,-0.4734077245683853,-0.2898614238380763,1,0,0,0,1
0,3,-1.7458288216403792,3.1530381789964923,0.7671989889328833,0.15058916727371655,0,1,0,0,1
0,3,-0.6690726610366291,-0.4742788222764252,-0.4734077245683853,-0.4910952747172506,0,1,0,0,1
1,1,1.4844396601708714,0.43255042804180416,-0.4734077245683853,0.8959935606848278,1,0,1,0,0
1,2,-0.05378342640591468,0.43255042804180416,-0.4734077245683853,-0.12484966611715334,1,0,0,0,1
0,1,2.7150181294323,-0.4742788222764252,0.7671989889328833,0.5991736306380456,0,1,1,0,0
1,1,5.438162427277613e-05,-0.4742788222764252,-0.4734077245683853,0.06632249221806229,0,1,0,0,1
1,2,-0.6690726610366291,-0.4742788222764252,-0.4734077245683853,-0.4367621349798736,1,0,0,0,1
0,3,-0.09223900357033432,-0.4742788222764252,-0.4734077245683853,-0.5025817029254339,0,1,1,0,0
1,2,-1.8996511302980579,0.43255042804180416,2.007805702434152,-0.08963374221329784,1,0,0,0,1
0,3,-1.4381842043250221,4.059867429314721,2.007805702434152,0.295729082220321,0,1,0,0,1
0,3,-0.5921615067077898,-0.4742788222764252,-0.4734077245683853,-0.5025817029254339,0,1,1,0,0
1,1,0.638416962553639,-0.4742788222764252,-0.4734077245683853,0.9618131286303881,1,0,0,0,1
0,1,1.176795042855514,0.43255042804180416,-0.4734077245683853,1.0317418918109011,0,1,0,0,1
0,3,-1.976562284626897,2.246208928678263,2.007805702434152,-0.08661523445011025,0,1,0,0,1
0,1,5.438162427277613e-05,-0.4742788222764252,-0.4734077245683853,-0.09022134505786501,0,1,1,0,0
1,3,5.438162427277613e-05,0.43255042804180416,0.7671989889328833,-0.34126057402963506,0,1,1,0,0
1,2,-0.05378342640591468,-0.4742788222764252,-0.4734077245683853,-0.4367621349798736,1,0,0,0,1
0,3,-0.8228949696943076,-0.4742788222764252,-0.4734077245683853,-0.4838850658402498,0,1,0,0,1
1,3,-0.9767172783519863,3.1530381789964923,2.007805702434152,-0.48857985158126094,1,0,0,0,1
0,3,-0.2845168893924326,1.3393796783600334,-0.4734077245683853,-0.47373885507892183,0,1,0,0,1
0,2,0.1769500365806032,-0.4742788222764252,-0.4734077245683853,-0.4367621349798736,0,1,0,0,1
0,3,-1.0536284326808256,4.059867429314721,2.007805702434152,0.295729082220321,1,0,0,0,1
0,2,-0.6690726610366291,-0.4742788222764252,-0.4734077245683853,0.8310111255589248,0,1,0,0,1
0,3,-0.2845168893924326,0.43255042804180416,-0.4734077245683853,-0.35719024566523044,0,1,1,0,0
1,3,0.1769500365806032,-0.4742788222764252,-0.4734077245683853,0.4888290608469592,0,1,0,0,1
0,3,-0.36142804372127185,-0.4742788222764252,-0.4734077245683853,-0.4941137824804383,0,1,0,0,1
0,3,5.438162427277613e-05,-0.4742788222764252,-0.4734077245683853,-0.48916745442582815,0,1,0,0,1
0,3,5.438162427277613e-05,-0.4742788222764252,-0.4734077245683853,-0.48606442844527126,0,1,0,0,1
1,2,-2.220370643849318,-0.4742788222764252,2.007805702434152,-0.06447951085340105,0,1,0,0,1
1,3,0.02312772792292462,-0.4742788222764252,-0.4734077245683853,-0.3970184494312366,1,0,0,0,1
0,3,-0.5921615067077898,-0.4742788222764252,-0.4734077245683853,-0.4669472126117497,0,1,0,0,1
1,3,-0.05378342640591468,-0.4742788222764252,-0.4734077245683853,-0.456885520067791,0,1,0,0,1
1,3,5.438162427277613e-05,-0.4742788222764252,-0.4734077245683853,-0.4913468170308496,1,0,0,1,0
0,1,-0.13069458073475398,-0.4742788222764252,-0.4734077245683853,0.29975375923790454,0,1,0,0,1
1,2,-0.9767172783519863,-0.4742788222764252,-0.4734077245683853,-0.4367621349798736,1,0,0,0,1
1,3,0.25386119090944254,2.246208928678263,-0.4734077245683853,-0.3291020247595153,1,0,0,0,1
0,3,-1.0536284326808256,0.43255042804180416,3.2484124159354204,0.04368368399415517,0,1,0,0,1
0,3,5.438162427277613e-05,-0.4742788222764252,-0.4734077245683853,-0.48606442844527126,0,1,0,0,1
1,1,-0.5152503523789504,2.246208928678263,2.007805702434152,4.6443925997192785,1,0,0,0,1
0,3,-0.4383391980501112,-0.4742788222764252,-0.4734077245683853,-0.48606442844527126,0,1,0,0,1
0,3,-0.05378342640591468,-0.4742788222764252,-0.4734077245683853,-0.48606442844527126,0,1,0,0,1
0,3,-0.7459838153654683,-0.4742788222764252,-0.4734077245683853,-0.49000458724548557,0,1,0,0,1
0,1,1.2537061971843533,0.43255042804180416,-0.4734077245683853,0.5829904043503423,0,1,0,0,1
0,3,-0.2845168893924326,0.43255042804180416,2.007805702434152,-0.23401903021910545,0,1,0,0,1
0,3,2.2535512034592644,-0.4742788222764252,-0.4734077245683853,-0.5021631365156053,0,1,0,0,1
0,3,5.438162427277613e-05,-0.4742788222764252,-0.4734077245683853,-0.48606442844527126,0,1,0,0,1
0,1,3.176485055405336,-0.4742788222764252,-0.4734077245683853,0.04930213311070177,0,1,1,0,0
1,1,-0.5152503523789504,-0.4742788222764252,0.7671989889328833,0.6269257910127926,0,1,1,0,0
1,2,0.3307723452382818,-0.4742788222764252,0.7671989889328833,-0.18521982138090565,1,0,0,0,1
0,2,0.3307723452382818,0.43255042804180416,-0.4734077245683853,-0.12484966611715334,0,1,0,0,1
0,3,-0.13069458073475398,-0.4742788222764252,-0.4734077245683853,-0.48916745442582815,1,0,0,0,1
0,3,5.438162427277613e-05,-0.4742788222764252,-0.4734077245683853,-0.48916745442582815,0,1,0,0,1
0,1,-0.6690726610366291,-0.4742788222764252,0.7671989889328833,0.9072284465794119,0,1,0,0,1
0,3,0.25386119090944254,-0.4742788222764252,-0.4734077245683853,-0.4739058791751516,0,1,0,0,1
0,3,0.5615058082247997,1.3393796783600334,-0.4734077245683853,-0.48857985158126094,0,1,0,0,1
0,3,-0.13069458073475398,-0.4742788222764252,-0.4734077245683853,-0.48916745442582815,0,1,0,0,1
1,3,-0.6690726610366291,-0.4742788222764252,-0.4734077245683853,-0.4941137824804383,1,0,0,0,1
1,3,5.438162427277613e-05,-0.4742788222764252,-0.4734077245683853,-0.4915983593444486,0,1,0,0,1
0,3,0.638416962553639,-0.4742788222764252,-0.4734077245683853,-0.48916745442582815,0,1,0,0,1
1,3,5.438162427277613e-05,0.43255042804180416,-0.4734077245683853,-0.16207792852980063,1,0,0,1,0
0,1,1.3306173515131927,-0.4742788222764252,-0.4734077245683853,0.3983583461687,0,1,0,0,1
0,3,-1.1689951641740846,0.43255042804180416,-0.4734077245683853,-0.35719024566523044,1,0,1,0,0
0,3,-0.5921615067077898,-0.4742788222764252,-0.4734077245683853,-0.48606442844527126,0,1,0,0,1
0,3,-0.7459838153654683,0.43255042804180416,-0.4734077245683853,-0.45034541991421784,1,0,0,0,1
0,3,-0.9767172783519863,-0.4742788222764252,-0.4734077245683853,-0.35710773978636995,1,0,1,0,0
0,3,-0.6690726610366291,-0.4742788222764252,-0.4734077245683853,-0.48857985158126094,0,1,0,0,1
0,3,3.138029478240916,-0.4742788222764252,-0.4734077245683853,-0.4921014439716465,0,1,0,1,0
0,2,-0.05378342640591468,0.43255042804180416,-0.4734077245683853,-0.2254665915567405,0,1,0,0,1
0,1,-0.4383391980501112,-0.4742788222764252,0.7671989889328833,4.332898697266388,0,1,1,0,0
0,3,-2.1303845932845755,3.1530381789964923,2.007805702434152,-0.01869880977838891,1,0,0,0,1
0,2,-0.6690726610366291,1.3393796783600334,-0.4734077245683853,0.8310111255589248,0,1,0,0,1
0,3,5.438162427277613e-05,-0.4742788222764252,-0.4734077245683853,-0.48606442844527126,0,1,0,0,1
0,2,0.21540561374502287,0.43255042804180416,-0.4734077245683853,-0.042931390101259084,0,1,1,0,0
1,2,0.21540561374502287,-0.4742788222764252,-0.4734077245683853,-0.38645367226008,1,0,0,0,1
0,1,1.8689954318150677,-0.4742788222764252,0.7671989889328833,0.9072284465794119,0,1,0,0,1
1,3,-1.3612730499961827,0.43255042804180416,-0.4734077245683853,-0.42183662026016516,0,1,1,0,0
0,3,5.438162427277613e-05,-0.4742788222764252,-0.4734077245683853,-0.4921014439716465,0,1,0,1,0
1,3,-0.4383391980501112,-0.4742788222764252,-0.4734077245683853,-0.5043424991206267,0,1,0,0,1
1,3,5.438162427277613e-05,0.43255042804180416,0.7671989889328833,-0.19813299759182226,1,0,1,0,0
0,3,1.176795042855514,-0.4742788222764252,-0.4734077245683853,-0.5076970674147825,0,1,0,0,1
0,3,0.25386119090944254,-0.4742788222764252,-0.4734077245683853,-0.48916745442582815,0,1,1,0,0
0,3,-0.7459838153654683,-0.4742788222764252,-0.4734077245683853,-0.5061878135331888,0,1,0,0,1
0,3,1.3306173515131927,0.43255042804180416,-0.4734077245683853,-0.3562685946282038,1,0,0,0,1
1,2,-0.05378342640591468,0.43255042804180416,-0.4734077245683853,-0.12484966611715334,1,0,0,0,1
0,2,-0.36142804372127185,-0.4742788222764252,-0.4734077245683853,-0.38645367226008,0,1,0,0,1
0,2,-0.5152503523789504,-0.4742788222764252,-0.4734077245683853,-0.3452852510472185,0,1,1,0,0
1,1,-0.8228949696943076,-0.4742788222764252,2.007805702434152,-0.11914871112174633,1,0,0,0,1
0,1,0.5615058082247997,0.43255042804180416,-0.4734077245683853,0.42049406976540915,0,1,0,0,1
0,3,-1.0536284326808256,-0.4742788222764252,-0.4734077245683853,-0.46258647506319805,0,1,0,0,1
0,1,-0.4383391980501112,-0.4742788222764252,-0.4734077245683853,0.9457144205600542,0,1,1,0,0
0,3,5.438162427277613e-05,-0.4742788222764252,2.007805702434152,-0.34126057402963506,1,0,1,0,0
1,3,-0.5921615067077898,-0.4742788222764252,-0.4734077245683853,-0.4921014439716465,1,0,0,0,1
1,3,-0.4383391980501112,0.43255042804180416,-0.4734077245683853,-0.3291020247595153,1,0,0,0,1
0,3,-0.8228949696943076,-0.4742788222764252,-0.4734077245683853,-0.5122248290595639,0,1,0,1,0
0,2,-0.899806124023147,-0.4742788222764252,-0.4734077245683853,-0.41663874989195615,0,1,0,0,1
0,2,-0.8228949696943076,0.43255042804180416,0.7671989889328833,0.09147672357795908,0,1,0,0,1
1,3,-0.20760573506359328,-0.4742788222764252,-0.4734077245683853,-0.4911797929346199,0,1,0,0,1
0,3,-1.5920065129827006,1.3393796783600334,2.007805702434152,0.04368368399415517,1,0,0,0,1
0,2,0.5230502310603801,-0.4742788222764252,2.007805702434152,-0.12484966611715334,0,1,0,0,1
0,2,0.9460615798689962,-0.4742788222764252,-0.4734077245683853,-0.38645367226008,0,1,0,0,1
0,2,1.6382619688285498,-0.4742788222764252,-0.4734077245683853,-0.3960122801768408,0,1,0,0,1
1,1,-0.5921615067077898,0.43255042804180416,-0.4734077245683853,0.6921597684522943,1,0,0,0,1
0,3,1.9843621633083266,-0.4742788222764252,-0.4734077245683853,-0.48606442844527126,0,1,0,0,1
0,3,0.8306948483757373,-0.4742788222764252,2.007805702434152,-0.3562685946282038,0,1,0,0,1
0,3,5.438162427277613e-05,-0.4742788222764252,-0.4734077245683853,-0.5009054249476104,0,1,0,0,1
0,1,1.6382619688285498,-0.4742788222764252,0.7671989889328833,0.5870995995852951,0,1,1,0,0
1,3,-1.0536284326808256,-0.4742788222764252,-0.4734077245683853,-0.49243750450261475,1,0,0,1,0
0,3,0.02312772792292462,-0.4742788222764252,-0.4734077245683853,-0.48606442844527126,0,1,0,0,1
0,3,5.438162427277613e-05,-0.4742788222764252,-0.4734077245683853,-0.47373885507892183,0,1,0,0,1
0,3,5.438162427277613e-05,6.780355180269409,2.007805702434152,0.7515237544616509,0,1,0,0,1
0,3,1.0998838885266748,-0.4742788222764252,0.7671989889328833,-0.3240711784875359,0,1,0,0,1
1,2,0.7922392712113175,-0.4742788222764252,-0.4734077245683853,-0.33111436326830707,1,0,0,0,1
0,3,-0.2845168893924326,-0.4742788222764252,-0.4734077245683853,-0.4915983593444486,0,1,0,0,1
0,3,-0.9767172783519863,-0.4742788222764252,-0.4734077245683853,-0.47373885507892183,0,1,0,0,1
0,3,-2.207295747613415,3.1530381789964923,0.7671989889328833,0.15058916727371655,0,1,0,0,1
1,3,-1.5920065129827006,-0.4742788222764252,2.007805702434152,-0.23502519947350134,0,1,0,0,1
1,1,5.438162427277613e-05,-0.4742788222764252,0.7671989889328833,0.45872850143245225,1,0,0,0,1
0,3,1.176795042855514,0.43255042804180416,4.48901912943669,-0.08661523445011025,1,0,0,0,1
0,1,5.438162427277613e-05,-0.4742788222764252,-0.4734077245683853,-0.12635891999874713,0,1,0,0,1
0,3,-0.13069458073475398,-0.4742788222764252,-0.4734077245683853,0.4888290608469592,0,1,0,0,1
0,1,2.407373512116943,-0.4742788222764252,-0.4734077245683853,0.02607572204222741,0,1,0,0,1
0,3,-1.976562284626897,3.1530381789964923,0.7671989889328833,-0.06196408771741136,0,1,0,1,0
1,3,-2.207295747613415,0.43255042804180416,0.7671989889328833,-0.4240179952036955,1,0,0,0,1
0,3,-0.6690726610366291,-0.4742788222764252,-0.4734077245683853,-0.48857985158126094,0,1,0,0,1
0,1,2.0228177404727465,-0.4742788222764252,-0.4734077245683853,-0.030354274421310688,0,1,1,0,0
0,3,-0.899806124023147,0.43255042804180416,0.7671989889328833,-0.49000458724548557,0,1,0,0,1
0,3,5.438162427277613e-05,2.246208928678263,0.7671989889328833,-0.13558146738453972,0,1,0,0,1
0,1,1.5613508144997106,-0.4742788222764252,-0.4734077245683853,-0.07026498406617733,1,0,1,0,0
0,2,0.02312772792292462,-0.4742788222764252,-0.4734077245683853,-0.38645367226008,0,1,0,0,1
0,3,0.4845946538959604,-0.4742788222764252,-0.4734077245683853,-0.6480576784030067,0,1,0,0,1
0,3,5.438162427277613e-05,6.780355180269409,2.007805702434152,0.7515237544616509,1,0,0,0,1
0,2,5.438162427277613e-05,-0.4742788222764252,-0.4734077245683853,-0.34520073282984926,0,1,1,0,0
0,3,-1.5920065129827006,3.1530381789964923,2.007805702434152,-0.01643492895599818,0,1,0,0,1
1,2,-2.207295747613415,1.3393796783600334,0.7671989889328833,0.1367543400257733,0,1,0,0,1
1,3,-1.976562284626897,-0.4742788222764252,2.007805702434152,-0.20484012184162517,1,0,0,0,1
0,1,5.438162427277613e-05,-0.4742788222764252,-0.4734077245683853,0.3581115759928651,0,1,0,0,1
1,3,5.438162427277613e-05,0.43255042804180416,-0.4734077245683853,-0.3361452095402864,1,0,0,1,0
1,1,1.176795042855514,-0.4742788222764252,-0.4734077245683853,-0.11378180431879874,0,1,0,0,1
0,3,0.7922392712113175,0.43255042804180416,0.7671989889328833,-0.3361452095402864,0,1,0,1,0
0,3,0.4845946538959604,-0.4742788222764252,-0.4734077245683853,-0.48916745442582815,0,1,0,0,1
1,2,0.1769500365806032,-0.4742788222764252,-0.4734077245683853,-0.38645367226008,1,0,0,0,1
0,2,-0.8228949696943076,-0.4742788222764252,-0.4734077245683853,-0.38645367226008,0,1,0,0,1
1,3,-0.8228949696943076,0.43255042804180416,-0.4734077245683853,-0.49000458724548557,1,0,0,0,1
1,2,-2.0534734389557365,0.43255042804180416,0.7671989889328833,-0.12484966611715334,0,1,0,0,1
1,1,1.0998838885266748,-0.4742788222764252,-0.4734077245683853,-0.09022134505786501,1,0,1,0,0
1,1,2.176640049130425,-0.4742788222764252,-0.4734077245683853,2.3004368033867264,1,0,1,0,0
0,3,5.438162427277613e-05,-0.4742788222764252,-0.4734077245683853,-0.4921014439716465,0,1,0,1,0
0,3,0.9460615798689962,-0.4742788222764252,0.7671989889328833,-0.47893672544713095,0,1,0,0,1
1,3,5.438162427277613e-05,-0.4742788222764252,-0.4734077245683853,-0.4921014439716465,1,0,0,1,0
0,2,-0.4383391980501112,-0.4742788222764252,-0.4734077245683853,-0.38645367226008,1,0,0,0,1
0,3,-0.13069458073475398,-0.4742788222764252,-0.4734077245683853,-0.456885520067791,0,1,0,0,1
0,3,5.438162427277613e-05,6.780355180269409,2.007805702434152,0.7515237544616509,0,1,0,0,1
0,3,0.3307723452382818,-0.4742788222764252,-0.4734077245683853,-0.5173401935489126,0,1,0,0,1
0,3,1.2152506200199338,-0.4742788222764252,-0.4734077245683853,-0.5026662211428031,0,1,1,0,0
1,3,-0.899806124023147,-0.4742788222764252,-0.4734077245683853,-0.48606442844527126,0,1,0,0,1
0,3,-2.1303845932845755,-0.4742788222764252,0.7671989889328833,-0.4375167619206705,1,0,0,0,1
0,3,0.1769500365806032,0.43255042804180416,-0.4734077245683853,-0.3291020247595153,0,1,0,0,1
1,3,-0.2845168893924326,-0.4742788222764252,-0.4734077245683853,-0.2699895810637578,0,1,1,0,0
1,3,-1.0536284326808256,-0.4742788222764252,-0.4734077245683853,-0.4921014439716465,1,0,0,1,0
1,1,0.7922392712113175,-0.4742788222764252,-0.4734077245683853,-0.024232740677566172,0,1,1,0,0
0,3,-0.4383391980501112,-0.4742788222764252,-0.4734077245683853,-0.5061878135331888,0,1,0,0,1
1,2,0.40768349956712113,-0.4742788222764252,-0.4734077245683853,-0.2254665915567405,1,0,0,0,1
0,3,-0.5921615067077898,-0.4742788222764252,-0.4734077245683853,-0.5021631365156053,0,1,0,0,1
0,2,0.02312772792292462,-0.4742788222764252,-0.4734077245683853,-0.38645367226008,0,1,0,0,1
0,3,5.438162427277613e-05,0.43255042804180416,-0.4734077245683853,-0.4921014439716465,0,1,0,1,0
1,1,0.10003888225176391,0.43255042804180416,-0.4734077245683853,1.631418767430841,1,0,1,0,0
1,3,-0.20760573506359328,-0.4742788222764252,-0.4734077245683853,-0.48857985158126094,1,0,0,0,1
0,2,0.9460615798689962,0.43255042804180416,-0.4734077245683853,-0.10472628102923591,0,1,0,0,1
1,1,0.1769500365806032,-0.4742788222764252,-0.4734077245683853,0.887189579708864,1,0,1,0,0
0,2,0.02312772792292462,-0.4742788222764252,-0.4734077245683853,-0.4367621349798736,0,1,0,0,1
1,3,-1.0536284326808256,-0.4742788222764252,-0.4734077245683853,-0.48606442844527126,0,1,0,0,1
0,2,-0.20760573506359328,-0.4742788222764252,-0.4734077245683853,-0.38645367226008,0,1,0,0,1
0,3,1.6382619688285498,-0.4742788222764252,-0.4734077245683853,-0.48606442844527126,0,1,0,0,1
0,3,5.438162427277613e-05,-0.4742788222764252,-0.4734077245683853,-0.48916745442582815,0,1,0,0,1
1,1,0.638416962553639,0.43255042804180416,-0.4734077245683853,1.1630469795095624,0,1,0,0,1
0,3,-0.5921615067077898,-0.4742788222764252,-0.4734077245683853,-0.4599040278309786,0,1,0,0,1
1,2,-0.8228949696943076,-0.4742788222764252,-0.4734077245683853,-0.4367621349798736,0,1,0,0,1
0,3,-0.7075282382010487,-0.4742788222764252,-0.4734077245683853,-0.5021631365156053,0,1,0,0,1
0,2,-0.899806124023147,-0.4742788222764252,-0.4734077245683853,-0.38645367226008,0,1,0,0,1
0,3,5.438162427277613e-05,2.246208928678263,0.7671989889328833,-0.13558146738453972,1,0,0,0,1
1,1,0.40768349956712113,0.43255042804180416,-0.4734077245683853,1.0317418918109011,1,0,0,0,1
0,3,-0.05378342640591468,-0.4742788222764252,-0.4734077245683853,-0.4915983593444486,0,1,0,0,1
0,2,2.2535512034592644,-0.4742788222764252,-0.4734077245683853,-0.37639197971612126,0,1,0,0,1
1,3,-1.8996511302980579,3.1530381789964923,2.007805702434152,-0.01643492895599818,1,0,0,0,1
0,2,-0.4383391980501112,-0.4742788222764252,-0.4734077245683853,-0.4367621349798736,0,1,0,0,1
0,3,5.438162427277613e-05,-0.4742788222764252,-0.4734077245683853,-0.49612612098923,1,0,0,0,1
0,2,1.0998838885266748,0.43255042804180416,-0.4734077245683853,-0.12484966611715334,0,1,0,0,1
1,2,-1.66891766731154,-0.4742788222764252,2.007805702434152,-0.11981881984517398,1,0,0,0,1
0,2,-0.8228949696943076,-0.4742788222764252,-0.4734077245683853,-0.4367621349798736,0,1,0,0,1
0,2,0.25386119090944254,-0.4742788222764252,-0.4734077245683853,-0.4010431264488202,0,1,0,0,1
0,3,5.438162427277613e-05,0.43255042804180416,-0.4734077245683853,-0.35719024566523044,1,0,1,0,0
1,3,5.438162427277613e-05,0.43255042804180416,-0.4734077245683853,-0.3361452095402864,1,0,0,1,0
0,2,-0.05378342640591468,-0.4742788222764252,-0.4734077245683853,-0.4367621349798736,0,1,0,0,1
0,3,-0.5921615067077898,-0.4742788222764252,-0.4734077245683853,-0.5046785596515949,0,1,0,0,1
0,3,0.02312772792292462,-0.4742788222764252,-0.4734077245683853,-0.5026662211428031,0,1,1,0,0
0,1,1.0998838885266748,1.3393796783600334,-0.4734077245683853,1.1630469795095624,0,1,0,1,0
0,3,-0.36142804372127185,-0.4742788222764252,-0.4734077245683853,-0.4915983593444486,1,0,0,0,1
1,2,-0.4383391980501112,-0.4742788222764252,2.007805702434152,-0.3562685946282038,1,0,0,0,1
1,1,0.5615058082247997,0.43255042804180416,0.7671989889328833,0.4095107261844238,0,1,0,0,1
0,2,1.8689954318150677,0.43255042804180416,-0.4734077245683853,-0.12484966611715334,0,1,0,0,1
0,3,5.438162427277613e-05,-0.4742788222764252,-0.4734077245683853,-0.5021631365156053,0,1,0,0,1
0,3,-0.05378342640591468,0.43255042804180416,0.7671989889328833,-0.4375167619206705,1,0,0,0,1
0,1,2.4842846664457823,-0.4742788222764252,-0.4734077245683853,-0.11378180431879874,0,1,0,0,1
0,3,0.02312772792292462,0.43255042804180416,-0.4734077245683853,-0.3240711784875359,0,1,0,0,1
0,3,0.8691504255401569,-0.4742788222764252,2.007805702434152,-0.2413137573134755,1,0,0,0,1
1,3,-0.05378342640591468,-0.4742788222764252,2.007805702434152,-0.34126057402963506,1,0,1,0,0
1,1,5.438162427277613e-05,-0.4742788222764252,-0.4734077245683853,0.9457144205600542,1,0,1,0,0
1,1,0.02312772792292462,-0.4742788222764252,-0.4734077245683853,1.0926151317018513,1,0,0,0,1
1,1,0.40768349956712113,-0.4742788222764252,-0.4734077245683853,9.661740104981662,1,0,1,0,0
1,2,1.5613508144997106,-0.4742788222764252,0.7671989889328833,-0.12484966611715334,1,0,0,0,1
0,3,5.438162427277613e-05,-0.4742788222764252,-0.4734077245683853,-0.4921014439716465,0,1,0,1,0
1,3,-2.0534734389557365,3.1530381789964923,2.007805702434152,-0.01643492895599818,0,1,0,0,1
0,1,1.7151731231573892,0.43255042804180416,0.7671989889328833,0.9547699438496171,0,1,0,0,1
0,1,0.7922392712113175,-0.4742788222764252,-0.4734077245683853,-0.6480576784030067,0,1,0,0,1
0,3,5.438162427277613e-05,-0.4742788222764252,-0.4734077245683853,-0.4921014439716465,1,0,0,1,0
0,2,0.4845946538959604,-0.4742788222764252,-0.4734077245683853,-0.4367621349798736,0,1,0,0,1
0,3,-1.0536284326808256,3.1530381789964923,0.7671989889328833,0.15058916727371655,0,1,0,0,1
1,3,-0.36142804372127185,0.43255042804180416,-0.4734077245683853,-0.4915983593444486,0,1,0,0,1
1,1,2.176640049130425,-0.4742788222764252,0.7671989889328833,2.4401273056515227,1,0,0,0,1
1,1,0.40768349956712113,-0.4742788222764252,-0.4734077245683853,2.0813434482420248,1,0,0,0,1
0,1,5.438162427277613e-05,-0.4742788222764252,-0.4734077245683853,-0.024232740677566172,0,1,0,0,1
1,3,-0.36142804372127185,-0.4742788222764252,-0.4734077245683853,-0.6480576784030067,0,1,0,0,1
1,2,0.8691504255401569,-0.4742788222764252,0.7671989889328833,-0.25565166918861665,1,0,0,0,1
0,1,0.5615058082247997,-0.4742788222764252,0.7671989889328833,-0.05039314129185885,0,1,1,0,0
1,3,5.438162427277613e-05,-0.4742788222764252,-0.4734077245683853,-0.4921014439716465,1,0,0,1,0
1,1,2.5611958207746213,0.43255042804180416,-0.4734077245683853,0.920727213296387,1,0,0,0,1
0,3,1.176795042855514,-0.4742788222764252,-0.4734077245683853,-0.4921014439716465,1,0,0,0,1
0,2,5.438162427277613e-05,-0.4742788222764252,-0.4734077245683853,-0.6480576784030067,0,1,0,0,1
0,3,-1.7458288216403792,3.1530381789964923,0.7671989889328833,-0.06196408771741136,0,1,0,1,0
1,3,0.40768349956712113,0.43255042804180416,0.7671989889328833,-0.2405591303726786,1,0,0,0,1
0,3,2.7150181294323,-0.4742788222764252,-0.4734077245683853,-0.4921014439716465,0,1,0,1,0
0,3,-0.13069458073475398,-0.4742788222764252,-0.4734077245683853,-0.49000458724548557,0,1,0,0,1
0,3,-1.0536284326808256,-0.4742788222764252,-0.4734077245683853,-0.456885520067791,0,1,0,0,1
1,3,-0.8228949696943076,-0.4742788222764252,-0.4734077245683853,-0.48606442844527126,0,1,0,0,1
0,1,5.438162427277613e-05,-0.4742788222764252,-0.4734077245683853,-0.12484966611715334,0,1,0,0,1
0,3,0.25386119090944254,-0.4742788222764252,-0.4734077245683853,-0.47373885507892183,0,1,1,0,0
1,3,0.02312772792292462,-0.4742788222764252,-0.4734077245683853,-0.456885520067791,0,1,0,0,1
0,3,-0.5921615067077898,-0.4742788222764252,-0.4734077245683853,-0.48916745442582815,0,1,0,0,1
1,2,0.9460615798689962,-0.4742788222764252,-0.4734077245683853,-0.38645367226008,0,1,0,0,1
1,3,-0.5921615067077898,-0.4742788222764252,-0.4734077245683853,-0.4921014439716465,1,0,0,1,0
1,1,-0.2845168893924326,-0.4742788222764252,-0.4734077245683853,0.9386712357792829,1,0,0,0,1
1,1,-0.8228949696943076,0.43255042804180416,-0.4734077245683853,1.184764136696443,1,0,1,0,0
0,2,0.4845946538959604,-0.4742788222764252,-0.4734077245683853,-0.38896909539606966,0,1,1,0,0
0,3,-0.4383391980501112,-0.4742788222764252,-0.4734077245683853,-0.46996572037493733,1,0,0,0,1
0,3,-0.4383391980501112,-0.4742788222764252,-0.4734077245683853,-0.48916745442582815,0,1,0,0,1
0,1,5.438162427277613e-05,-0.4742788222764252,-0.4734077245683853,-0.09022134505786501,0,1,1,0,0
0,3,-0.47679477521453084,-0.4742788222764252,-0.4734077245683853,-0.5025817029254339,0,1,1,0,0
0,1,-2.1303845932845755,0.43255042804180416,2.007805702434152,2.4016413316708807,1,0,0,0,1
1,1,5.438162427277613e-05,-0.4742788222764252,-0.4734077245683853,-0.03429443322152489,0,1,0,0,1
1,1,1.5613508144997106,-0.4742788222764252,0.7671989889328833,4.332898697266388,1,0,1,0,0
1,3,5.438162427277613e-05,-0.4742788222764252,-0.4734077245683853,-0.4921014439716465,1,0,0,1,0
1,3,5.438162427277613e-05,1.3393796783600334,-0.4734077245683853,-0.18018897510892629,0,1,0,1,0
0,3,-0.8228949696943076,-0.4742788222764252,-0.4734077245683853,-0.6480576784030067,0,1,0,0,1
1,2,5.438162427277613e-05,-0.4742788222764252,-0.4734077245683853,-0.3995338725672263,1,0,0,1,0
0,3,5.438162427277613e-05,-0.4742788222764252,-0.4734077245683853,-0.48606442844527126,0,1,0,0,1
1,1,-2.213448639959722,0.43255042804180416,2.007805702434152,2.4016413316708807,0,1,0,0,1
1,1,5.438162427277613e-05,-0.4742788222764252,-0.4734077245683853,1.5832896673160688,1,0,1,0,0
1,1,-0.9767172783519863,0.43255042804180416,-0.4734077245683853,1.543378957671202,1,0,1,0,0
0,2,0.02312772792292462,0.43255042804180416,-0.4734077245683853,-0.1650964362929882,0,1,1,0,0
1,1,0.02312772792292462,-0.4742788222764252,-0.4734077245683853,0.4975505359440626,1,0,1,0,0
1,1,-0.4383391980501112,-0.4742788222764252,-0.4734077245683853,1.0253688157535576,1,0,1,0,0
1,1,-0.899806124023147,1.3393796783600334,2.007805702434152,4.631815484039331,1,0,1,0,0
0,2,-0.2845168893924326,0.43255042804180416,0.7671989889328833,-0.12484966611715334,1,0,0,0,1
0,3,-0.13069458073475398,-0.4742788222764252,-0.4734077245683853,-0.48916745442582815,0,1,0,0,1
0,2,1.0229727341978354,0.43255042804180416,0.7671989889328833,-0.11981881984517398,0,1,0,0,1
1,3,-0.2845168893924326,-0.4742788222764252,-0.4734077245683853,-0.49000458724548557,1,0,0,0,1
1,2,-0.4383391980501112,0.43255042804180416,-0.4734077245683853,-0.12484966611715334,1,0,0,0,1
0,2,1.8689954318150677,-0.4742788222764252,-0.4734077245683853,-0.36633028717216254,0,1,0,0,1
1,1,0.10003888225176391,-0.4742788222764252,2.007805702434152,2.6696184138711505,1,0,0,0,1
1,1,0.7922392712113175,0.43255042804180416,0.7671989889328833,2.0585376159218884,1,0,1,0,0
0,3,-0.5921615067077898,-0.4742788222764252,-0.4734077245683853,-0.5021631365156053,0,1,0,0,1
0,3,-0.20760573506359328,-0.4742788222764252,-0.4734077245683853,-0.48916745442582815,0,1,0,0,1
1,2,0.02312772792292462,-0.4742788222764252,-0.4734077245683853,-0.3995338725672263,1,0,0,1,0
1,2,-0.5921615067077898,0.43255042804180416,0.7671989889328833,-0.06447951085340105,1,0,0,0,1
0,3,5.438162427277613e-05,6.780355180269409,2.007805702434152,0.7515237544616509,0,1,0,0,1
1,1,0.4845946538959604,-0.4742788222764252,-0.4734077245683853,2.0813434482420248,1,0,1,0,0
0,3,2.407373512116943,-0.4742788222764252,-0.4734077245683853,-0.5225380639171217,0,1,0,0,1
1,2,0.4845946538959604,-0.4742788222764252,-0.4734077245683853,-0.38645367226008,1,0,0,0,1
1,3,0.10003888225176391,0.43255042804180416,0.7671989889328833,-0.23502519947350134,1,0,0,0,1
1,1,-1.0536284326808256,-0.4742788222764252,0.7671989889328833,0.5186800902863759,1,0,1,0,0
1,3,5.438162427277613e-05,1.3393796783600334,-0.4734077245683853,-0.18018897510892629,1,0,0,1,0
0,1,1.2152506200199338,-0.4742788222764252,-0.4734077245683853,-0.07454120339735976,0,1,0,0,1
0,1,0.638416962553639,-0.4742788222764252,0.7671989889328833,2.4401273056515227,0,1,0,0,1
0,3,-1.0536284326808256,1.3393796783600334,-0.4734077245683853,-0.2858367468204928,0,1,0,0,1
1,1,5.438162427277613e-05,0.43255042804180416,-0.4734077245683853,2.0414327385971585,1,0,0,0,1
0,3,5.438162427277613e-05,-0.4742788222764252,-0.4734077245683853,-0.48916745442582815,0,1,0,0,1
0,1,-0.05378342640591468,0.43255042804180416,-0.4734077245683853,0.6921597684522943,0,1,0,0,1
1,1,0.8691504255401569,-0.4742788222764252,-0.4734077245683853,2.0585376159218884,1,0,1,0,0
1,3,1.176795042855514,-0.4742788222764252,-0.4734077245683853,-0.48606442844527126,0,1,0,0,1
0,1,1.176795042855514,-0.4742788222764252,-0.4734077245683853,0.06632249221806229,0,1,0,0,1
1,2,-2.1303845932845755,0.43255042804180416,0.7671989889328833,-0.12484966611715334,0,1,0,0,1
1,1,-0.4383391980501112,2.246208928678263,2.007805702434152,4.6443925997192785,1,0,0,0,1
0,2,-0.13069458073475398,-0.4742788222764252,-0.4734077245683853,-0.38645367226008,0,1,0,0,1
0,2,-0.36142804372127185,-0.4742788222764252,-0.4734077245683853,-0.38645367226008,0,1,0,0,1
0,2,0.4845946538959604,-0.4742788222764252,-0.4734077245683853,-0.38645367226008,0,1,0,0,1
1,2,-0.4383391980501112,-0.4742788222764252,-0.4734077245683853,-0.38645367226008,1,0,0,0,1
1,2,0.7922392712113175,-0.4742788222764252,-0.4734077245683853,-0.38645367226008,1,0,0,0,1
1,3,5.438162427277613e-05,0.43255042804180416,-0.4734077245683853,-0.3240711784875359,1,0,0,0,1
1,3,-2.0534734389557365,0.43255042804180416,0.7671989889328833,-0.32809585550511944,0,1,0,0,1
0,3,0.9460615798689962,-0.4742788222764252,-0.4734077245683853,-0.47373885507892183,0,1,0,0,1
0,3,-0.5152503523789504,-0.4742788222764252,-0.4734077245683853,-0.4624194509669683,0,1,0,0,1
0,1,5.438162427277613e-05,-0.4742788222764252,-0.4734077245683853,0.056260799674103565,0,1,0,0,1
0,3,-1.1305395870096648,0.43255042804180416,0.7671989889328833,-0.5025817029254339,0,1,1,0,0
0,3,-0.36142804372127185,0.43255042804180416,-0.4734077245683853,-0.2898614238380763,0,1,0,0,1
0,3,5.438162427277613e-05,-0.4742788222764252,-0.4734077245683853,-0.5026662211428031,0,1,1,0,0
0,3,-0.13069458073475398,-0.4742788222764252,-0.4734077245683853,-0.456885520067791,0,1,0,0,1
1,1,-0.5921615067077898,-0.4742788222764252,0.7671989889328833,0.45872850143245225,1,0,0,0,1
0,2,0.638416962553639,-0.4742788222764252,-0.4734077245683853,-0.38645367226008,1,0,0,0,1
1,3,5.438162427277613e-05,-0.4742788222764252,-0.4734077245683853,-0.48950150261828757,1,0,0,1,0
1,3,5.438162427277613e-05,-0.4742788222764252,-0.4734077245683853,-0.48950150261828757,1,0,0,1,0
0,3,0.7922392712113175,0.43255042804180416,4.48901912943669,-0.08661523445011025,0,1,0,0,1
0,2,-0.05378342640591468,0.43255042804180416,-0.4734077245683853,-0.09022134505786501,0,1,1,0,0
0,3,1.176795042855514,-0.4742788222764252,0.7671989889328833,-0.35719024566523044,1,0,1,0,0
0,3,0.40768349956712113,-0.4742788222764252,-0.4734077245683853,-0.5061878135331888,0,1,0,0,1
0,3,5.438162427277613e-05,0.43255042804180416,-0.4734077245683853,-0.3361452095402864,0,1,0,1,0
0,3,0.02312772792292462,-0.4742788222764252,-0.4734077245683853,-0.5021631365156053,0,1,0,0,1
1,1,2.3304623577881034,0.43255042804180416,-0.4734077245683853,0.8662270494627803,1,0,1,0,0
1,3,5.438162427277613e-05,-0.4742788222764252,-0.4734077245683853,-0.5025817029254339,1,0,1,0,0
1,3,5.438162427277613e-05,-0.4742788222764252,-0.4734077245683853,-0.4921014439716465,1,0,0,1,0
1,1,-0.4383391980501112,-0.4742788222764252,-0.4734077245683853,0.7464929081896715,1,0,1,0,0
1,1,-0.36142804372127185,0.43255042804180416,-0.4734077245683853,0.4676170006257853,0,1,1,0,0
0,3,-0.899806124023147,0.43255042804180416,-0.4734077245683853,-0.5173401935489126,0,1,0,0,1
0,3,-0.8228949696943076,-0.4742788222764252,-0.4734077245683853,-0.48606442844527126,0,1,0,0,1
0,1,-0.5921615067077898,-0.4742788222764252,-0.4734077245683853,2.0813434482420248,0,1,1,0,0
0,3,-2.0534734389557365,2.246208928678263,0.7671989889328833,-0.22395733767514672,1,0,0,0,1
1,1,5.438162427277613e-05,0.43255042804180416,-0.4734077245683853,1.0054969729792393,1,0,1,0,0
1,3,-0.5921615067077898,-0.4742788222764252,-0.4734077245683853,-0.5021631365156053,1,0,0,0,1
0,1,-0.20760573506359328,-0.4742788222764252,2.007805702434152,3.608038267691531,0,1,1,0,0
0,3,-0.7459838153654683,-0.4742788222764252,-0.4734077245683853,-0.567312595737738,0,1,1,0,0
0,3,-0.8228949696943076,-0.4742788222764252,-0.4734077245683853,-0.4915983593444486,0,1,0,0,1
1,1,0.9460615798689962,-0.4742788222764252,-0.4734077245683853,3.9305155137254073,1,0,1,0,0
1,3,-2.207295747613415,-0.4742788222764252,2.007805702434152,-0.3312813873645367,1,0,1,0,0
0,3,0.1769500365806032,-0.4742788222764252,-0.4734077245683853,-0.48857985158126094,0,1,0,0,1
1,1,0.40768349956712113,0.43255042804180416,-0.4734077245683853,0.3983583461687,1,0,0,0,1
0,3,5.438162427277613e-05,-0.4742788222764252,-0.4734077245683853,-0.48916745442582815,0,1,0,0,1
0,2,-0.899806124023147,-0.4742788222764252,-0.4734077245683853,0.8310111255589248,0,1,0,0,1
0,3,-2.207295747613415,4.059867429314721,2.007805702434152,0.295729082220321,0,1,0,0,1
1,2,0.4845946538959604,-0.4742788222764252,-0.4734077245683853,-0.38645367226008,1,0,0,0,1
0,3,5.438162427277613e-05,-0.4742788222764252,-0.4734077245683853,-0.49252001038147525,0,1,0,1,0
1,2,-0.9767172783519863,-0.4742788222764252,-0.4734077245683853,-0.40657705734799743,1,0,1,0,0
1,1,0.4845946538959604,0.43255042804180416,2.007805702434152,1.7667485321470855,0,1,0,0,1
1,3,-0.6690726610366291,-0.4742788222764252,-0.4734077245683853,-0.4911797929346199,0,1,0,0,1
0,3,-0.13069458073475398,1.3393796783600334,-0.4734077245683853,-0.48857985158126094,0,1,0,0,1
1,1,-0.5152503523789504,0.43255042804180416,-0.4734077245683853,1.631418767430841,1,0,1,0,0
1,3,-0.4383391980501112,-0.4742788222764252,2.007805702434152,-0.3119971474347855,1,0,0,0,1
0,3,-0.5921615067077898,-0.4742788222764252,-0.4734077245683853,-0.4911797929346199,0,1,0,0,1
0,3,0.10003888225176391,-0.4742788222764252,-0.4734077245683853,-0.49000458724548557,1,0,0,0,1
0,2,1.2537061971843533,-0.4742788222764252,-0.4734077245683853,-0.12484966611715334,0,1,0,0,1
0,2,-0.5152503523789504,-0.4742788222764252,-0.4734077245683853,-0.4367621349798736,0,1,0,0,1
1,2,-0.13069458073475398,-0.4742788222764252,-0.4734077245683853,-0.39349685704085113,1,0,0,0,1
1,3,0.7153281168824783,-0.4742788222764252,-0.4734077245683853,-0.48857985158126094,0,1,0,0,1
0,3,-0.2845168893924326,-0.4742788222764252,-0.4734077245683853,-0.48606442844527126,0,1,0,0,1
0,3,-0.6690726610366291,0.43255042804180416,-0.4734077245683853,-0.45034541991421784,1,0,0,0,1
0,3,-0.13069458073475398,0.43255042804180416,-0.4734077245683853,-0.3291020247595153,0,1,0,0,1
0,3,-0.7459838153654683,-0.4742788222764252,-0.4734077245683853,-0.47373885507892183,1,0,0,0,1
0,2,0.3307723452382818,0.43255042804180416,-0.4734077245683853,-0.2254665915567405,0,1,0,0,1
0,3,1.6382619688285498,-0.4742788222764252,-0.4734077245683853,-0.4921014439716465,0,1,0,0,1
1,2,-2.0534734389557365,0.43255042804180416,0.7671989889328833,-0.27074420800455473,0,1,0,0,1
0,3,-0.6690726610366291,-0.4742788222764252,-0.4734077245683853,-0.4915983593444486,0,1,0,0,1
0,3,5.438162427277613e-05,2.246208928678263,0.7671989889328833,-0.13558146738453972,1,0,0,0,1
0,3,5.438162427277613e-05,-0.4742788222764252,-0.4734077245683853,-0.48916745442582815,0,1,0,0,1
0,3,5.438162427277613e-05,-0.4742788222764252,-0.4734077245683853,-0.5100454664545425,0,1,0,1,0
1,1,0.25386119090944254,0.43255042804180416,-0.4734077245683853,1.1630469795095624,1,0,0,1,0
0,2,5.438162427277613e-05,-0.4742788222764252,-0.4734077245683853,-0.6480576784030067,0,1,0,0,1
1,3,1.0998838885266748,-0.4742788222764252,-0.4734077245683853,-0.48857985158126094,0,1,0,0,1
0,3,5.438162427277613e-05,-0.4742788222764252,-0.4734077245683853,-0.48606442844527126,1,0,0,0,1
1,2,0.3307723452382818,0.43255042804180416,0.7671989889328833,0.005952336954309978,1,0,0,0,1
1,2,-0.899806124023147,-0.4742788222764252,2.007805702434152,-0.38645367226008,1,0,0,0,1
0,2,0.02312772792292462,-0.4742788222764252,-0.4734077245683853,-0.38645367226008,0,1,0,0,1
0,3,-1.5150953586538614,-0.4742788222764252,2.007805702434152,-0.16207792852980063,1,0,0,0,1
0,3,5.438162427277613e-05,-0.4742788222764252,-0.4734077245683853,-0.48916745442582815,0,1,1,0,0
0,3,-0.6690726610366291,-0.4742788222764252,-0.4734077245683853,-0.49243750450261475,0,1,0,1,0
0,3,-0.05378342640591468,-0.4742788222764252,-0.4734077245683853,-0.48958602083565683,0,1,0,0,1
0,3,-0.13069458073475398,0.43255042804180416,0.7671989889328833,-0.3582809331369956,1,0,0,0,1
0,3,-0.899806124023147,0.43255042804180416,0.7671989889328833,-0.2413137573134755,0,1,0,0,1
0,3,5.438162427277613e-05,-0.4742788222764252,-0.4734077245683853,-0.5021631365156053,0,1,0,0,1
1,2,-0.13069458073475398,0.43255042804180416,-0.4734077245683853,-0.12484966611715334,1,0,0,0,1
1,2,-0.8228949696943076,-0.4742788222764252,-0.4734077245683853,-0.12484966611715334,1,0,0,0,1
0,3,5.438162427277613e-05,-0.4742788222764252,-0.4734077245683853,-0.4921014439716465,0,1,0,1,0
1,3,0.1769500365806032,-0.4742788222764252,-0.4734077245683853,-0.48606442844527126,0,1,0,0,1
1,1,-0.13069458073475398,-0.4742788222764252,-0.4734077245683853,-0.11378180431879874,0,1,0,0,1
1,3,5.438162427277613e-05,0.43255042804180416,-0.4734077245683853,-0.3240711784875359,1,0,0,0,1
1,2,0.9460615798689962,0.43255042804180416,-0.4734077245683853,-0.12484966611715334,1,0,0,0,1
0,3,-0.9767172783519863,-0.4742788222764252,-0.4734077245683853,-0.5046785596515949,0,1,0,0,1
0,1,1.5613508144997106,0.43255042804180416,-0.4734077245683853,0.4768395480115779,0,1,0,0,1
1,1,-1.207450741338504,0.43255042804180416,2.007805702434152,1.7667485321470855,1,0,0,0,1
0,3,-0.6690726610366291,1.3393796783600334,2.007805702434152,0.04368368399415517,1,0,0,0,1
1,2,-0.4383391980501112,1.3393796783600334,3.2484124159354204,-0.27074420800455473,1,0,0,0,1
0,1,2.6381069751034607,0.43255042804180416,4.48901912943669,4.6443925997192785,0,1,0,0,1
0,2,0.10003888225176391,-0.4742788222764252,-0.4734077245683853,-0.4367621349798736,0,1,0,0,1
1,2,1.176795042855514,0.43255042804180416,0.7671989889328833,-0.11981881984517398,1,0,0,0,1
0,3,-0.7459838153654683,-0.4742788222764252,-0.4734077245683853,-0.456885520067791,0,1,0,0,1
0,3,-0.36142804372127185,0.43255042804180416,-0.4734077245683853,-0.4915983593444486,0,1,0,0,1
1,2,-0.13069458073475398,-0.4742788222764252,-0.4734077245683853,-0.38645367226008,1,0,0,0,1
1,3,5.438162427277613e-05,-0.4742788222764252,-0.4734077245683853,-0.48480671687727644,0,1,0,0,1
1,1,-1.976562284626897,-0.4742788222764252,2.007805702434152,0.9992084151392651,0,1,0,0,1
1,2,-1.2843618956673435,-0.4742788222764252,0.7671989889328833,-0.25565166918861665,1,0,0,0,1
1,1,0.3307723452382818,-0.4742788222764252,-0.4734077245683853,-0.11378180431879874,0,1,0,0,1
1,3,-1.8996511302980579,1.3393796783600334,0.7671989889328833,-0.26051549136436636,1,0,1,0,0
1,1,1.7151731231573892,-0.4742788222764252,-0.4734077245683853,-0.03429443322152489,0,1,0,0,1
0,2,0.4845946538959604,0.43255042804180416,2.007805702434152,-0.08963374221329784,0,1,0,0,1
0,3,5.438162427277613e-05,0.43255042804180416,-0.4734077245683853,-0.2462600853680856,0,1,0,0,1
0,1,0.02312772792292462,-0.4742788222764252,-0.4734077245683853,-0.08963374221329784,0,1,1,0,0
1,1,1.4844396601708714,0.43255042804180416,-0.4734077245683853,1.1450204511478062,0,1,1,0,0
0,3,5.438162427277613e-05,-0.4742788222764252,-0.4734077245683853,-0.48606442844527126,0,1,0,0,1
1,3,-0.05378342640591468,-0.4742788222764252,-0.4734077245683853,-0.48916745442582815,0,1,1,0,0
0,1,2.7150181294323,-0.4742788222764252,-0.4734077245683853,-0.11378180431879874,0,1,0,0,1
1,1,5.438162427277613e-05,0.43255042804180416,-0.4734077245683853,0.39559138071911126,1,0,0,0,1
1,2,1.5613508144997106,-0.4742788222764252,-0.4734077245683853,-0.4367621349798736,1,0,0,0,1
0,3,5.438162427277613e-05,-0.4742788222764252,-0.4734077245683853,-0.4921014439716465,0,1,0,1,0
1,1,1.407528505842032,-0.4742788222764252,-0.4734077245683853,-0.11378180431879874,0,1,0,0,1
0,3,0.3307723452382818,-0.4742788222764252,-0.4734077245683853,-0.48606442844527126,0,1,0,0,1
0,1,1.3306173515131927,-0.4742788222764252,-0.4734077245683853,0.12669264748181458,0,1,0,0,1
0,2,1.407528505842032,-0.4742788222764252,-0.4734077245683853,-0.38645367226008,0,1,0,0,1
0,3,5.438162427277613e-05,-0.4742788222764252,-0.4734077245683853,-0.48606442844527126,0,1,0,0,1
0,3,0.638416962553639,-0.4742788222764252,-0.4734077245683853,-0.5061878135331888,0,1,0,0,1
0,2,5.438162427277613e-05,-0.4742788222764252,-0.4734077245683853,-0.6480576784030067,0,1,0,0,1
0,1,2.0228177404727465,-0.4742788222764252,-0.4734077245683853,-0.11378180431879874,0,1,0,0,1
0,3,5.438162427277613e-05,-0.4742788222764252,-0.4734077245683853,-0.4926045285988444,0,1,0,1,0
1,3,-2.226523536195625,1.3393796783600334,0.7671989889328833,-0.26051549136436636,1,0,1,0,0
0,3,5.438162427277613e-05,-0.4742788222764252,-0.4734077245683853,-0.5021631365156053,0,1,0,0,1
0,3,0.638416962553639,-0.4742788222764252,-0.4734077245683853,-0.47373885507892183,0,1,0,0,1
1,2,0.25386119090944254,0.43255042804180416,2.007805702434152,-0.08963374221329784,1,0,0,0,1
1,2,-0.5152503523789504,-0.4742788222764252,-0.4734077245683853,-0.37052198828597577,1,0,1,0,0
0,3,-0.5921615067077898,-0.4742788222764252,-0.4734077245683853,-0.4500938776006189,1,0,0,0,1
0,1,5.438162427277613e-05,-0.4742788222764252,-0.4734077245683853,0.3983583461687,0,1,0,0,1
0,2,0.3307723452382818,0.43255042804180416,-0.4734077245683853,-0.2254665915567405,0,1,0,0,1
0,3,-0.05378342640591468,0.43255042804180416,-0.4734077245683853,-0.506272331750558,0,1,0,0,1
0,3,-0.5921615067077898,-0.4742788222764252,-0.4734077245683853,-0.4967137238337972,0,1,0,0,1
1,3,-2.1303845932845755,-0.4742788222764252,0.7671989889328833,-0.40079158413522115,1,0,0,0,1
0,3,-1.5920065129827006,4.059867429314721,2.007805702434152,0.295729082220321,0,1,0,0,1
0,2,5.438162427277613e-05,-0.4742788222764252,-0.4734077245683853,-0.6480576784030067,0,1,0,0,1
0,3,1.5613508144997106,-0.4742788222764252,-0.4734077245683853,-0.48606442844527126,0,1,0,0,1
1,3,2.5611958207746213,-0.4742788222764252,-0.4734077245683853,-0.4551247238725983,1,0,0,0,1
1,1,-0.36142804372127185,0.43255042804180416,-0.4734077245683853,1.184764136696443,0,1,1,0,0
0,3,5.438162427277613e-05,2.246208928678263,0.7671989889328833,-0.13558146738453972,1,0,0,0,1
1,1,0.40768349956712113,0.43255042804180416,-0.4734077245683853,1.1630469795095624,1,0,0,0,1
0,1,2.176640049130425,-0.4742788222764252,-0.4734077245683853,-0.05039314129185885,0,1,1,0,0
0,3,0.02312772792292462,-0.4742788222764252,-0.4734077245683853,-0.48606442844527126,0,1,0,0,1
1,3,-1.5920065129827006,0.43255042804180416,0.7671989889328833,-0.32809585550511944,0,1,0,0,1
0,3,5.438162427277613e-05,0.43255042804180416,-0.4734077245683853,-0.2462600853680856,0,1,0,0,1
0,3,-0.6690726610366291,-0.4742788222764252,-0.4734077245683853,-0.5021631365156053,0,1,0,0,1
0,1,1.945906586143907,-0.4742788222764252,-0.4734077245683853,-0.03429443322152489,0,1,0,0,1
0,1,3.176485055405336,-0.4742788222764252,-0.4734077245683853,0.3481344016662756,0,1,1,0,0
0,3,-0.6690726610366291,-0.4742788222764252,-0.4734077245683853,-0.48606442844527126,0,1,0,0,1
0,3,5.438162427277613e-05,-0.4742788222764252,-0.4734077245683853,-0.35710773978636995,0,1,1,0,0
1,1,1.8689954318150677,0.43255042804180416,-0.4734077245683853,0.9269332652575009,1,0,1,0,0
0,3,5.438162427277613e-05,-0.4742788222764252,-0.4734077245683853,-0.34419456357545336,0,1,0,0,1
0,1,-0.36142804372127185,0.43255042804180416,2.007805702434152,2.4016413316708807,1,0,0,0,1
0,3,-0.4383391980501112,-0.4742788222764252,-0.4734077245683853,-0.4911797929346199,0,1,0,0,1
0,3,-0.9767172783519863,-0.4742788222764252,-0.4734077245683853,-0.47373885507892183,0,1,0,0,1
0,3,-0.6690726610366291,-0.4742788222764252,-0.4734077245683853,-0.4921014439716465,1,0,0,1,0
0,3,5.438162427277613e-05,-0.4742788222764252,-0.4734077245683853,-0.4945323488902669,1,0,0,1,0
0,3,0.5615058082247997,-0.4742788222764252,-0.4734077245683853,-0.4551247238725983,1,0,0,0,1
1,1,-1.0536284326808256,-0.4742788222764252,-0.4734077245683853,1.0926151317018513,1,0,0,0,1
0,1,-0.899806124023147,0.43255042804180416,-0.4734077245683853,1.543378957671202,0,1,1,0,0
1,2,0.25386119090944254,-0.4742788222764252,2.007805702434152,-0.12484966611715334,1,0,0,0,1
1,1,5.438162427277613e-05,-0.4742788222764252,-0.4734077245683853,-0.11378180431879874,0,1,0,0,1
0,3,-0.13069458073475398,-0.4742788222764252,-0.4734077245683853,-0.19477842929766645,0,1,0,0,1
1,3,-0.2845168893924326,-0.4742788222764252,-0.4734077245683853,0.4888290608469592,0,1,0,0,1
1,3,-0.05378342640591468,-0.4742788222764252,-0.4734077245683853,-0.4921014439716465,0,1,0,1,0
0,3,5.438162427277613e-05,-0.4742788222764252,-0.4734077245683853,-0.48606442844527126,0,1,0,0,1
1,1,0.4845946538959604,-0.4742788222764252,-0.4734077245683853,-0.11906419290437706,0,1,0,0,1
1,1,1.8689954318150677,0.43255042804180416,-0.4734077245683853,0.547271395819289,1,0,1,0,0
0,3,-0.4383391980501112,-0.4742788222764252,-0.4734077245683853,-0.49721680846099514,0,1,0,0,1
0,1,1.3306173515131927,-0.4742788222764252,-0.4734077245683853,0.036555980996014835,0,1,0,0,1
1,2,0.3307723452382818,-0.4742788222764252,-0.4734077245683853,-0.4367621349798736,1,0,0,0,1
0,3,5.438162427277613e-05,-0.4742788222764252,-0.4734077245683853,-0.16207792852980063,0,1,0,1,0
1,2,0.4845946538959604,0.43255042804180416,-0.4734077245683853,-0.12484966611715334,1,0,0,0,1
0,3,0.1769500365806032,-0.4742788222764252,-0.4734077245683853,-0.48916745442582815,0,1,0,0,1
1,1,0.02312772792292462,-0.4742788222764252,-0.4734077245683853,1.2334788273172734,1,0,0,0,1
0,3,-0.5921615067077898,-0.4742788222764252,-0.4734077245683853,-0.48916745442582815,0,1,0,0,1
0,3,5.438162427277613e-05,-0.4742788222764252,-0.4734077245683853,-0.5026662211428031,0,1,1,0,0
1,1,1.0998838885266748,-0.4742788222764252,0.7671989889328833,0.5186800902863759,1,0,1,0,0
0,3,5.438162427277613e-05,-0.4742788222764252,-0.4734077245683853,-0.5025817029254339,0,1,1,0,0
0,3,0.8306948483757373,-0.4742788222764252,-0.4734077245683853,-0.4921014439716465,0,1,0,1,0
1,2,1.5613508144997106,-0.4742788222764252,-0.4734077245683853,-0.4367621349798736,1,0,0,0,1
0,1,5.438162427277613e-05,-0.4742788222764252,-0.4734077245683853,3.814890567687252,0,1,0,0,1
0,3,0.7153281168824783,-0.4742788222764252,-0.4734077245683853,-0.48857985158126094,0,1,0,0,1
0,2,-0.5152503523789504,1.3393796783600334,0.7671989889328833,-0.41663874989195615,0,1,0,0,1
1,2,-2.1303845932845755,0.43255042804180416,0.7671989889328833,-0.12484966611715334,1,0,0,0,1
0,3,5.438162427277613e-05,-0.4742788222764252,-0.4734077245683853,-0.5025817029254339,0,1,1,0,0
0,3,-0.9767172783519863,0.43255042804180416,0.7671989889328833,-0.5025817029254339,0,1,1,0,0
1,3,5.438162427277613e-05,-0.4742788222764252,2.007805702434152,-0.19813299759182226,1,0,1,0,0
0,3,0.02312772792292462,-0.4742788222764252,-0.4734077245683853,-0.47373885507892183,1,0,0,0,1
1,2,-1.7458288216403792,-0.4742788222764252,2.007805702434152,-0.11981881984517398,1,0,0,0,1
0,1,1.176795042855514,-0.4742788222764252,-0.4734077245683853,-0.11378180431879874,0,1,0,0,1
1,1,0.02312772792292462,-0.4742788222764252,-0.4734077245683853,1.4935735795786063,1,0,1,0,0
0,3,5.438162427277613e-05,-0.4742788222764252,-0.4734077245683853,-0.3562685946282038,0,1,0,0,1
1,1,-0.5921615067077898,-0.4742788222764252,2.007805702434152,0.34804988344890636,1,0,1,0,0
1,1,0.4845946538959604,-0.4742788222764252,2.007805702434152,0.7807026628391311,1,0,0,0,1
0,3,-1.5920065129827006,3.1530381789964923,2.007805702434152,-0.01869880977838891,1,0,0,0,1
0,3,-1.4381842043250221,3.1530381789964923,2.007805702434152,-0.01869880977838891,1,0,0,0,1
1,2,0.1769500365806032,0.43255042804180416,-0.4734077245683853,-0.12484966611715334,0,1,0,0,1
0,1,1.5613508144997106,0.43255042804180416,-0.4734077245683853,1.4935735795786063,0,1,1,0,0
0,1,2.6381069751034607,-0.4742788222764252,-0.4734077245683853,-0.12484966611715334,0,1,0,0,1
1,2,-0.8228949696943076,0.43255042804180416,-0.4734077245683853,-0.12484966611715334,1,0,0,0,1
1,2,5.438162427277613e-05,-0.4742788222764252,-0.4734077245683853,-0.3690972526217512,0,1,1,0,0
0,3,0.25386119090944254,0.43255042804180416,0.7671989889328833,-0.23502519947350134,0,1,0,0,1
1,2,-1.66891766731154,0.43255042804180416,0.7671989889328833,0.09147672357795908,0,1,0,0,1
1,1,-0.9767172783519863,-0.4742788222764252,2.007805702434152,1.5832896673160688,0,1,1,0,0
0,2,-0.20760573506359328,-0.4742788222764252,-0.4734077245683853,-0.12484966611715334,0,1,0,0,1
0,3,5.438162427277613e-05,-0.4742788222764252,-0.4734077245683853,-0.49050767187268346,0,1,0,1,0
1,3,-0.5921615067077898,-0.4742788222764252,-0.4734077245683853,-0.5026662211428031,0,1,1,0,0
1,3,-0.5921615067077898,-0.4742788222764252,-0.4734077245683853,-0.4915983593444486,1,0,0,0,1
0,1,2.4842846664457823,-0.4742788222764252,-0.4734077245683853,-0.11378180431879874,0,1,0,0,1
1,1,1.407528505842032,0.43255042804180416,-0.4734077245683853,0.14882837107852379,1,0,1,0,0
0,1,5.438162427277613e-05,-0.4742788222764252,-0.4734077245683853,3.9305155137254073,0,1,1,0,0
1,1,0.7153281168824783,0.43255042804180416,0.7671989889328833,0.9547699438496171,1,0,0,0,1
1,3,0.4845946538959604,0.43255042804180416,-0.4734077245683853,-0.2979107778732433,1,0,0,0,1
0,3,5.438162427277613e-05,-0.4742788222764252,-0.4734077245683853,-0.4921014439716465,0,1,0,1,0
0,3,0.7922392712113175,-0.4742788222764252,-0.4734077245683853,-0.48916745442582815,0,1,0,0,1
0,2,-0.13069458073475398,-0.4742788222764252,-0.4734077245683853,-0.37639197971612126,0,1,0,0,1
0,3,5.438162427277613e-05,-0.4742788222764252,-0.4734077245683853,-0.48606442844527126,0,1,0,0,1
0,3,5.438162427277613e-05,-0.4742788222764252,-0.4734077245683853,-0.48606442844527126,1,0,0,0,1
0,3,-0.4383391980501112,1.3393796783600334,-0.4734077245683853,-0.16207792852980063,0,1,0,0,1
0,3,-0.8228949696943076,-0.4742788222764252,-0.4734077245683853,-0.48916745442582815,0,1,0,0,1
0,3,-0.05378342640591468,-0.4742788222764252,4.48901912943669,-0.22395733767514672,1,0,0,0,1
0,3,5.438162427277613e-05,-0.4742788222764252,-0.4734077245683853,-0.5025817029254339,0,1,1,0,0
1,3,0.1769500365806032,-0.4742788222764252,-0.4734077245683853,-0.49000458724548557,0,1,0,0,1
1,2,2.4842846664457823,-0.4742788222764252,-0.4734077245683853,-0.4367621349798736,0,1,0,0,1
1,1,1.7920842774862284,1.3393796783600334,-0.4734077245683853,0.3878780872149125,1,0,0,0,1
1,1,0.4845946538959604,-0.4742788222764252,-0.4734077245683853,-0.11705185439558535,0,1,0,0,1
1,3,5.438162427277613e-05,-0.4742788222764252,-0.4734077245683853,-0.4921014439716465,1,0,0,1,0
0,3,-1.0536284326808256,-0.4742788222764252,-0.4734077245683853,-0.48606442844527126,0,1,0,0,1
0,3,-0.8228949696943076,-0.4742788222764252,-0.4734077245683853,-0.3562685946282038,0,1,0,0,1
1,2,0.3307723452382818,-0.4742788222764252,-0.4734077245683853,-0.38645367226008,1,0,0,0,1
1,1,0.7153281168824783,0.43255042804180416,-0.4734077245683853,0.4768395480115779,1,0,0,0,1
0,3,5.438162427277613e-05,0.43255042804180416,-0.4734077245683853,-0.35710773978636995,1,0,1,0,0
1,3,0.1769500365806032,-0.4742788222764252,-0.4734077245683853,-0.48857985158126094,0,1,0,0,1
1,2,-0.36142804372127185,0.43255042804180416,0.7671989889328833,-0.04435612576548361,1,0,0,0,1
1,1,0.7153281168824783,0.43255042804180416,0.7671989889328833,1.5832896673160688,1,0,1,0,0
0,2,1.8689954318150677,-0.4742788222764252,-0.4734077245683853,-0.12484966611715334,0,1,0,0,1
0,1,0.4845946538959604,-0.4742788222764252,-0.4734077245683853,0.15939314824968043,0,1,1,0,0
0,3,5.438162427277613e-05,-0.4742788222764252,-0.4734077245683853,-0.47273268582452604,0,1,1,0,0
1,1,-0.899806124023147,-0.4742788222764252,2.007805702434152,0.9547699438496171,1,0,0,0,1
0,2,1.3306173515131927,-0.4742788222764252,-0.4734077245683853,-0.3462069020842451,0,1,0,0,1
1,1,2.3304623577881034,0.43255042804180416,0.7671989889328833,0.9457144205600542,0,1,1,0,0
0,3,-0.5921615067077898,-0.4742788222764252,-0.4734077245683853,-0.48606442844527126,0,1,0,0,1
0,3,5.438162427277613e-05,-0.4742788222764252,-0.4734077245683853,-0.48606442844527126,0,1,0,0,1
0,3,0.40768349956712113,-0.4742788222764252,-0.4734077245683853,-0.5046785596515949,0,1,0,0,1
1,1,1.7151731231573892,0.43255042804180416,-0.4734077245683853,0.9269332652575009,1,0,1,0,0
0,3,1.3306173515131927,-0.4742788222764252,-0.4734077245683853,-0.5021631365156053,0,1,0,0,1
0,3,5.438162427277613e-05,-0.4742788222764252,2.007805702434152,-0.4921014439716465,1,0,0,1,0
0,2,0.5615058082247997,0.43255042804180416,-0.4734077245683853,-0.12484966611715334,0,1,0,0,1
0,3,0.4845946538959604,0.43255042804180416,0.7671989889328833,-0.16207792852980063,0,1,0,0,1
1,2,5.438162427277613e-05,-0.4742788222764252,-0.4734077245683853,0.016014029498268696,1,0,0,0,1
0,3,1.4844396601708714,-0.4742788222764252,-0.4734077245683853,-0.6480576784030067,0,1,0,0,1
0,3,5.438162427277613e-05,-0.4742788222764252,-0.4734077245683853,-0.5026662211428031,0,1,1,0,0
1,1,1.4844396601708714,0.43255042804180416,-0.4734077245683853,0.4975505359440626,0,1,1,0,0
1,2,-0.4383391980501112,1.3393796783600334,0.7671989889328833,-0.10472628102923591,1,0,0,0,1
0,3,5.438162427277613e-05,-0.4742788222764252,-0.4734077245683853,-0.48916745442582815,0,1,0,0,1
0,1,5.438162427277613e-05,-0.4742788222764252,-0.4734077245683853,0.20517384932469254,0,1,0,0,1
0,3,1.0998838885266748,-0.4742788222764252,-0.4734077245683853,-0.48606442844527126,0,1,0,0,1
1,1,0.40768349956712113,-0.4742788222764252,-0.4734077245683853,-0.11378180431879874,0,1,1,0,0
0,3,0.4845946538959604,0.43255042804180416,-0.4734077245683853,-0.33513904028589053,0,1,0,0,1
0,3,0.02312772792292462,-0.4742788222764252,-0.4734077245683853,-0.48916745442582815,0,1,0,0,1
1,1,-0.20760573506359328,-0.4742788222764252,-0.4734077245683853,-0.03429443322152489,0,1,0,0,1
1,2,-0.5921615067077898,0.43255042804180416,2.007805702434152,0.18865657484452994,1,0,1,0,0
1,1,0.7922392712113175,-0.4742788222764252,-0.4734077245683853,2.4401273056515227,1,0,0,0,1
0,3,0.7153281168824783,0.43255042804180416,5.729625842937959,-0.01869880977838891,1,0,0,0,1
0,3,5.438162427277613e-05,-0.4742788222764252,-0.4734077245683853,-0.5061878135331888,0,1,0,0,1
1,3,5.438162427277613e-05,0.43255042804180416,-0.4734077245683853,-0.3361452095402864,1,0,0,1,0
0,3,5.438162427277613e-05,-0.4742788222764252,-0.4734077245683853,-0.4921014439716465,0,1,0,1,0
0,3,0.40768349956712113,-0.4742788222764252,-0.4734077245683853,-0.48606442844527126,0,1,0,0,1
1,2,-0.4383391980501112,0.43255042804180416,2.007805702434152,0.6599623523116266,1,0,0,0,1
0,3,0.3307723452382818,0.43255042804180416,0.7671989889328833,-0.3582809331369956,0,1,0,0,1
0,3,-0.2845168893924326,0.43255042804180416,-0.4734077245683853,-0.3240711784875359,1,0,0,0,1
1,2,-1.976562284626897,1.3393796783600334,0.7671989889328833,0.1367543400257733,1,0,0,0,1
0,2,-0.2845168893924326,-0.4742788222764252,-0.4734077245683853,-0.4367621349798736,0,1,0,0,1
0,3,-0.20760573506359328,0.43255042804180416,-0.4734077245683853,-0.35719024566523044,0,1,1,0,0
1,1,0.9460615798689962,0.43255042804180416,-0.4734077245683853,0.4095107261844238,0,1,0,0,1
1,3,-0.7459838153654683,0.43255042804180416,0.7671989889328833,-0.3312813873645367,0,1,1,0,0
0,3,-0.6690726610366291,-0.4742788222764252,-0.4734077245683853,-0.49000458724548557,0,1,0,0,1
0,3,-0.6690726610366291,-0.4742788222764252,-0.4734077245683853,-0.3240711784875359,0,1,0,0,1
0,1,2.407373512116943,-0.4742788222764252,-0.4734077245683853,0.002346226346555142,0,1,0,0,1
0,2,2.0997288948015855,-0.4742788222764252,-0.4734077245683853,-0.3995338725672263,0,1,0,1,0
1,1,-0.6690726610366291,-0.4742788222764252,-0.4734077245683853,0.920727213296387,1,0,0,0,1
0,3,-0.2845168893924326,-0.4742788222764252,-0.4734077245683853,-0.48916745442582815,0,1,0,0,1
0,3,5.438162427277613e-05,-0.4742788222764252,-0.4734077245683853,-0.49243750450261475,0,1,0,1,0
1,1,3.8686854443648895,-0.4742788222764252,-0.4734077245683853,-0.04435612576548361,0,1,0,0,1
0,3,1.6382619688285498,-0.4742788222764252,-0.4734077245683853,-0.5061032953158194,0,1,0,0,1
1,1,0.1769500365806032,-0.4742788222764252,-0.4734077245683853,-0.03429443322152489,0,1,1,0,0
0,1,5.438162427277613e-05,-0.4742788222764252,-0.4734077245683853,-0.6480576784030067,0,1,0,0,1
0,3,-1.5920065129827006,2.246208928678263,2.007805702434152,-0.08661523445011025,1,0,0,0,1
1,2,-0.13069458073475398,-0.4742788222764252,-0.4734077245683853,-0.38645367226008,1,0,0,0,1
0,3,0.1769500365806032,-0.4742788222764252,-0.4734077245683853,-0.48857985158126094,0,1,0,0,1
0,2,0.10003888225176391,0.43255042804180416,0.7671989889328833,-0.11981881984517398,0,1,0,0,1
0,3,0.8691504255401569,-0.4742788222764252,5.729625842937959,0.15058916727371655,1,0,0,0,1
0,3,5.438162427277613e-05,0.43255042804180416,-0.4734077245683853,-0.3240711784875359,0,1,0,0,1
0,3,-0.7459838153654683,-0.4742788222764252,-0.4734077245683853,-0.49000458724548557,0,1,0,0,1
1,1,-0.4383391980501112,-0.4742788222764252,-0.4734077245683853,0.7464929081896715,1,0,1,0,0
0,3,-2.1303845932845755,2.246208928678263,2.007805702434152,-0.08661523445011025,1,0,0,0,1
1,3,5.438162427277613e-05,-0.4742788222764252,-0.4734077245683853,0.4888290608469592,0,1,0,0,1
1,3,-2.226523536195625,1.3393796783600334,0.7671989889328833,-0.26051549136436636,1,0,1,0,0
1,1,1.407528505842032,0.43255042804180416,-0.4734077245683853,0.8959935606848278,0,1,1,0,0
0,3,-0.8228949696943076,-0.4742788222764252,-0.4734077245683853,-0.48916745442582815,0,1,0,0,1
1,1,2.0228177404727465,-0.4742788222764252,-0.4734077245683853,0.06632249221806229,0,1,1,0,0
0,3,5.438162427277613e-05,-0.4742788222764252,-0.4734077245683853,-0.49612612098923,0,1,0,0,1
1,3,-0.5152503523789504,-0.4742788222764252,-0.4734077245683853,-0.49612612098923,1,0,0,0,1
0,3,5.438162427277613e-05,-0.4742788222764252,-0.4734077245683853,-0.48916745442582815,0,1,0,0,1
1,2,-0.899806124023147,-0.4742788222764252,0.7671989889328833,-0.18521982138090565,1,0,0,0,1
0,3,-0.6690726610366291,-0.4742788222764252,-0.4734077245683853,-0.47835113494107256,0,1,0,0,1
1,3,5.438162427277613e-05,-0.4742788222764252,-0.4734077245683853,-0.49050767187268346,1,0,0,1,0
0,3,-0.899806124023147,-0.4742788222764252,-0.4734077245683853,-0.5122248290595639,1,0,0,1,0
0,2,-0.4383391980501112,1.3393796783600334,-0.4734077245683853,0.8310111255589248,0,1,0,0,1
0,3,5.438162427277613e-05,-0.4742788222764252,-0.4734077245683853,-0.48916745442582815,0,1,0,0,1
0,3,0.1769500365806032,0.43255042804180416,0.7671989889328833,-0.3361452095402864,1,0,0,1,0
0,2,-0.5152503523789504,-0.4742788222764252,-0.4734077245683853,-0.38645367226008,0,1,0,0,1
0,1,2.176640049130425,-0.4742788222764252,2.007805702434152,1.631418767430841,0,1,1,0,0
1,1,1.5613508144997106,1.3393796783600334,-0.4734077245683853,2.0414327385971585,0,1,0,0,1
0,3,0.7922392712113175,-0.4742788222764252,-0.4734077245683853,-0.5026662211428031,0,1,1,0,0
0,1,1.3306173515131927,-0.4742788222764252,-0.4734077245683853,-0.1331505624659193,0,1,0,0,1
0,3,0.4845946538959604,-0.4742788222764252,-0.4734077245683853,-0.49721680846099514,0,1,0,0,1
1,3,-0.7459838153654683,0.43255042804180416,-0.4734077245683853,-0.48857985158126094,0,1,0,0,1
0,2,0.1769500365806032,1.3393796783600334,-0.4734077245683853,0.8310111255589248,0,1,0,0,1
0,2,-0.36142804372127185,-0.4742788222764252,-0.4734077245683853,-0.38645367226008,0,1,0,0,1
0,3,5.438162427277613e-05,-0.4742788222764252,-0.4734077245683853,-0.4915983593444486,0,1,0,0,1
0,3,1.0229727341978354,-0.4742788222764252,-0.4734077245683853,-0.48606442844527126,0,1,0,0,1
1,1,5.438162427277613e-05,0.43255042804180416,-0.4734077245683853,0.3983583461687,1,0,0,0,1
1,2,0.7922392712113175,0.43255042804180416,0.7671989889328833,0.1367543400257733,1,0,0,0,1
0,1,0.10003888225176391,0.43255042804180416,-0.4734077245683853,0.3983583461687,0,1,0,0,1
0,2,3.0995739010764964,-0.4742788222764252,-0.4734077245683853,-0.4367621349798736,0,1,0,0,1
1,2,0.10003888225176391,-0.4742788222764252,-0.4734077245683853,-0.38645367226008,0,1,0,0,1
0,2,5.438162427277613e-05,-0.4742788222764252,-0.4734077245683853,-0.6480576784030067,0,1,0,0,1
0,3,-0.899806124023147,-0.4742788222764252,-0.4734077245683853,-0.4915983593444486,0,1,0,0,1
0,3,-0.3998836208856915,-0.4742788222764252,-0.4734077245683853,-0.48606442844527126,0,1,0,0,1
1,3,-0.899806124023147,-0.4742788222764252,-0.4734077245683853,-0.45000935938324965,1,0,0,0,1
0,3,1.0229727341978354,0.43255042804180416,6.970232556439227,0.295729082220321,1,0,0,0,1
1,1,0.4845946538959604,-0.4742788222764252,0.7671989889328833,9.661740104981662,0,1,1,0,0
0,3,5.438162427277613e-05,-0.4742788222764252,-0.4734077245683853,-0.48430363225007855,1,0,0,1,0
1,1,-0.20760573506359328,-0.4742788222764252,-0.4734077245683853,0.8959935606848278,0,1,1,0,0
0,3,-0.7459838153654683,-0.4742788222764252,-0.4734077245683853,-0.4624194509669683,0,1,0,0,1
0,3,-1.207450741338504,4.059867429314721,2.007805702434152,0.295729082220321,0,1,0,0,1
0,2,2.3304623577881034,0.43255042804180416,0.7671989889328833,0.1367543400257733,0,1,0,0,1
0,2,-0.36142804372127185,0.43255042804180416,2.007805702434152,0.18865657484452994,0,1,1,0,0
0,3,-1.207450741338504,3.1530381789964923,0.7671989889328833,0.15058916727371655,0,1,0,0,1
0,3,-0.8228949696943076,-0.4742788222764252,-0.4734077245683853,-0.443386753350816,0,1,0,0,1
0,3,-0.899806124023147,-0.4742788222764252,-0.4734077245683853,-0.4911797929346199,0,1,0,0,1
1,1,-1.1305395870096648,-0.4742788222764252,0.7671989889328833,3.604768217614744,1,0,0,0,1
1,1,0.10003888225176391,0.43255042804180416,-0.4734077245683853,0.49897527160828714,0,1,0,0,1
1,3,-1.976562284626897,-0.4742788222764252,0.7671989889328833,-0.3780682576939448,1,0,1,0,0
1,3,5.438162427277613e-05,-0.4742788222764252,-0.4734077245683853,0.4888290608469592,0,1,0,0,1
0,3,-0.36142804372127185,-0.4742788222764252,-0.4734077245683853,-0.5026662211428031,0,1,1,0,0
0,1,2.3304623577881034,-0.4742788222764252,-0.4734077245683853,-0.11378180431879874,0,1,0,0,1
0,2,1.7151731231573892,-0.4742788222764252,-0.4734077245683853,-0.37639197971612126,0,1,0,0,1
0,3,1.0998838885266748,-0.4742788222764252,-0.4734077245683853,-0.48606442844527126,0,1,0,0,1
1,3,5.438162427277613e-05,-0.4742788222764252,-0.4734077245683853,-0.49243750450261475,1,0,0,1,0
0,1,1.4844396601708714,0.43255042804180416,0.7671989889328833,1.5832896673160688,0,1,1,0,0
0,3,0.9460615798689962,-0.4742788222764252,-0.4734077245683853,-0.4941137824804383,0,1,0,0,1
1,1,-0.899806124023147,0.43255042804180416,-0.4734077245683853,3.9305155137254073,1,0,1,0,0
1,1,0.40768349956712113,-0.4742788222764252,-0.4734077245683853,-0.11906419290437706,0,1,0,0,1
0,3,-0.899806124023147,-0.4742788222764252,0.7671989889328833,-0.35719024566523044,1,0,1,0,0
0,3,-0.36142804372127185,-0.4742788222764252,-0.4734077245683853,-0.4922684680678762,0,1,0,1,0
0,3,-0.2845168893924326,0.43255042804180416,-0.4734077245683853,-0.49000458724548557,0,1,0,0,1
0,2,0.7153281168824783,-0.4742788222764252,-0.4734077245683853,-0.12484966611715334,0,1,0,0,1
1,2,1.176795042855514,-0.4742788222764252,-0.4734077245683853,-0.37639197971612126,1,0,0,0,1
1,1,0.9460615798689962,-0.4742788222764252,-0.4734077245683853,-0.11906419290437706,0,1,0,0,1
1,1,-0.5921615067077898,-0.4742788222764252,-0.4734077245683853,2.4016413316708807,1,0,0,0,1
1,3,5.438162427277613e-05,0.43255042804180416,0.7671989889328833,-0.34126057402963506,0,1,1,0,0
1,1,-0.4383391980501112,-0.4742788222764252,-0.4734077245683853,0.3481344016662756,1,0,1,0,0
0,1,5.438162427277613e-05,-0.4742788222764252,-0.4734077245683853,-0.11378180431879874,0,1,0,0,1
1,1,1.407528505842032,0.43255042804180416,-0.4734077245683853,0.3983583461687,0,1,0,0,1
0,3,-0.05378342640591468,-0.4742788222764252,-0.4734077245683853,-0.4572215805987592,0,1,0,0,1
0,2,1.7151731231573892,-0.4742788222764252,-0.4734077245683853,-0.38645367226008,0,1,0,0,1
0,3,-0.8228949696943076,-0.4742788222764252,-0.4734077245683853,-0.4941137824804383,0,1,0,0,1
1,1,0.638416962553639,-0.4742788222764252,-0.4734077245683853,3.9305155137254073,1,0,1,0,0
1,2,-0.20760573506359328,-0.4742788222764252,-0.4734077245683853,-0.4367621349798736,1,0,0,0,1
0,3,5.438162427277613e-05,-0.4742788222764252,-0.4734077245683853,-0.3361452095402864,0,1,0,1,0
0,3,0.25386119090944254,-0.4742788222764252,-0.4734077245683853,-0.4915983593444486,0,1,0,0,1
1,2,-1.8227399759692184,-0.4742788222764252,0.7671989889328833,0.016014029498268696,1,0,0,0,1
0,3,-0.9767172783519863,0.43255042804180416,-0.4734077245683853,-0.5061032953158194,0,1,0,0,1
0,2,0.3307723452382818,-0.4742788222764252,-0.4734077245683853,-0.38645367226008,0,1,0,0,1
0,2,1.5613508144997106,-0.4742788222764252,-0.4734077245683853,-0.38645367226008,0,1,0,0,1
1,1,-0.20760573506359328,0.43255042804180416,-0.4734077245683853,0.42049406976540915,0,1,0,0,1
0,3,-0.7459838153654683,-0.4742788222764252,-0.4734077245683853,-0.47373885507892183,0,1,0,0,1
1,2,0.02312772792292462,2.246208928678263,-0.4734077245683853,-0.2254665915567405,1,0,0,0,1
1,3,5.438162427277613e-05,-0.4742788222764252,-0.4734077245683853,-0.4923529862852455,1,0,0,1,0
0,2,-0.36142804372127185,0.43255042804180416,-0.4734077245683853,-0.12484966611715334,0,1,0,0,1
0,3,-0.36142804372127185,0.43255042804180416,-0.4734077245683853,-0.48857985158126094,1,0,0,0,1
1,1,-0.05378342640591468,-0.4742788222764252,-0.4734077245683853,3.604768217614744,1,0,0,0,1
0,3,-1.4381842043250221,-0.4742788222764252,-0.4734077245683853,-0.2699895810637578,0,1,1,0,0
0,2,5.438162427277613e-05,-0.4742788222764252,-0.4734077245683853,-0.6480576784030067,0,1,0,0,1
0,2,-0.5152503523789504,-0.4742788222764252,-0.4734077245683853,-0.38645367226008,0,1,0,0,1
0,2,-0.5152503523789504,-0.4742788222764252,-0.4734077245683853,-0.38645367226008,0,1,0,0,1
0,3,-0.09223900357033432,-0.4742788222764252,-0.4734077245683853,-0.3240711784875359,0,1,0,0,1
0,3,1.407528505842032,0.43255042804180416,3.2484124159354204,0.04368368399415517,1,0,0,0,1
1,1,0.40768349956712113,-0.4742788222764252,-0.4734077245683853,9.661740104981662,0,1,1,0,0
0,3,5.438162427277613e-05,-0.4742788222764252,-0.4734077245683853,-0.48916745442582815,0,1,0,0,1
0,3,5.438162427277613e-05,-0.4742788222764252,-0.4734077245683853,-0.48916745442582815,0,1,0,0,1
1,1,5.438162427277613e-05,-0.4742788222764252,-0.4734077245683853,-0.04435612576548361,0,1,0,0,1
0,1,0.4845946538959604,0.43255042804180416,-0.4734077245683853,0.9386712357792829,0,1,0,0,1
1,1,-0.6690726610366291,1.3393796783600334,2.007805702434152,4.631815484039331,1,0,1,0,0
0,3,-0.4383391980501112,0.43255042804180416,-0.4734077245683853,-0.3240711784875359,0,1,0,0,1
1,3,0.10003888225176391,-0.4742788222764252,-0.4734077245683853,-0.48857985158126094,0,1,0,0,1
0,1,3.0995739010764964,0.43255042804180416,0.7671989889328833,0.7807026628391311,0,1,0,0,1
0,3,-1.0536284326808256,0.43255042804180416,0.7671989889328833,-0.2405591303726786,0,1,0,0,1
1,2,0.02312772792292462,-0.4742788222764252,-0.4734077245683853,-0.38645367226008,1,0,0,0,1
0,1,-0.8228949696943076,0.43255042804180416,-0.4734077245683853,0.42049406976540915,0,1,0,0,1
0,3,0.10003888225176391,-0.4742788222764252,-0.4734077245683853,-0.4921014439716465,0,1,0,1,0
1,2,-1.976562284626897,0.43255042804180416,0.7671989889328833,-0.18521982138090565,1,0,0,0,1
1,3,-1.8227399759692184,-0.4742788222764252,0.7671989889328833,-0.3970184494312366,0,1,0,0,1
0,3,0.25386119090944254,-0.4742788222764252,-0.4734077245683853,-0.456885520067791,0,1,0,0,1
0,3,-0.5152503523789504,-0.4742788222764252,-0.4734077245683853,-0.48916745442582815,0,1,0,0,1
1,2,1.407528505842032,0.43255042804180416,2.007805702434152,0.6599623523116266,1,0,0,0,1
1,2,-2.232676428541932,0.43255042804180416,0.7671989889328833,-0.3562685946282038,0,1,0,0,1
0,3,-0.13069458073475398,-0.4742788222764252,-0.4734077245683853,-0.4911797929346199,0,1,0,0,1
0,2,-0.899806124023147,-0.4742788222764252,-0.4734077245683853,-0.41663874989195615,0,1,0,0,1
0,3,0.3307723452382818,-0.4742788222764252,-0.4734077245683853,-0.48606442844527126,0,1,0,0,1
1,1,0.25386119090944254,-0.4742788222764252,-0.4734077245683853,1.0926151317018513,1,0,0,0,1
0,3,5.438162427277613e-05,-0.4742788222764252,-0.4734077245683853,-0.3562685946282038,0,1,0,0,1
0,3,0.8691504255401569,-0.4742788222764252,-0.4734077245683853,-0.5046785596515949,0,1,0,0,1
1,3,-0.7459838153654683,-0.4742788222764252,-0.4734077245683853,-0.5025817029254339,0,1,1,0,0
1,1,0.4845946538959604,0.43255042804180416,2.007805702434152,1.7667485321470855,1,0,0,0,1
0,3,-1.0536284326808256,-0.4742788222764252,-0.4734077245683853,-0.4915983593444486,0,1,0,0,1
1,1,1.6382619688285498,0.43255042804180416,-0.4734077245683853,0.920727213296387,1,0,0,0,1
0,1,5.438162427277613e-05,-0.4742788222764252,-0.4734077245683853,0.14882837107852379,0,1,1,0,0
0,3,0.06158330508734427,-0.4742788222764252,-0.4734077245683853,-0.4921014439716465,1,0,0,1,0
0,3,5.438162427277613e-05,0.43255042804180416,-0.4734077245683853,-0.16207792852980063,0,1,0,1,0
0,3,0.1769500365806032,-0.4742788222764252,-0.4734077245683853,-0.4797758706052971,0,1,0,0,1
0,3,-0.4383391980501112,-0.4742788222764252,-0.4734077245683853,-0.456885520067791,0,1,0,0,1
0,3,1.407528505842032,-0.4742788222764252,-0.4734077245683853,-0.49000458724548557,0,1,0,0,1
0,2,2.0997288948015855,-0.4742788222764252,-0.4734077245683853,-0.4367621349798736,1,0,0,0,1
0,3,5.438162427277613e-05,-0.4742788222764252,-0.4734077245683853,-0.5026662211428031,0,1,1,0,0
1,2,1.8689954318150677,0.43255042804180416,3.2484124159354204,-0.18521982138090565,1,0,0,0,1
0,3,-0.899806124023147,-0.4742788222764252,-0.4734077245683853,-0.4921014439716465,0,1,0,0,1
0,3,5.438162427277613e-05,-0.4742788222764252,-0.4734077245683853,-0.4921014439716465,0,1,0,1,0
1,3,-1.8996511302980579,-0.4742788222764252,-0.4734077245683853,-0.3970184494312366,1,0,0,0,1
0,3,5.438162427277613e-05,-0.4742788222764252,-0.4734077245683853,-0.4923529862852455,0,1,0,1,0
1,1,1.0229727341978354,-0.4742788222764252,0.7671989889328833,3.604768217614744,1,0,0,0,1
1,3,-1.2843618956673435,-0.4742788222764252,-0.4734077245683853,-0.5025817029254339,1,0,1,0,0
1,1,-0.9767172783519863,0.43255042804180416,-0.4734077245683853,0.49897527160828714,1,0,0,0,1
0,1,-0.05378342640591468,-0.4742788222764252,-0.4734077245683853,-0.04435612576548361,0,1,0,0,1
0,3,5.438162427277613e-05,0.43255042804180416,2.007805702434152,-0.17616429809134282,0,1,0,0,1
0,3,-0.36142804372127185,-0.4742788222764252,-0.4734077245683853,-0.5061878135331888,0,1,0,0,1
0,3,-0.36142804372127185,-0.4742788222764252,-0.4734077245683853,-0.5021631365156053,0,1,0,0,1
1,3,-0.899806124023147,-0.4742788222764252,-0.4734077245683853,-0.49721680846099514,1,0,0,0,1
0,3,-1.66891766731154,3.1530381789964923,0.7671989889328833,-0.06196408771741136,0,1,0,1,0
1,3,-2.207295747613415,0.43255042804180416,2.007805702434152,-0.23401903021910545,0,1,0,0,1
0,1,1.2537061971843533,-0.4742788222764252,-0.4734077245683853,0.9457144205600542,0,1,1,0,0
0,3,5.438162427277613e-05,-0.4742788222764252,-0.4734077245683853,-0.4921014439716465,0,1,0,1,0
0,2,-1.0536284326808256,-0.4742788222764252,-0.4734077245683853,-0.12484966611715334,0,1,0,0,1
0,3,5.438162427277613e-05,6.780355180269409,2.007805702434152,0.7515237544616509,1,0,0,0,1
0,1,5.438162427277613e-05,-0.4742788222764252,-0.4734077245683853,-0.030354274421310688,0,1,1,0,0
0,3,-0.36142804372127185,-0.4742788222764252,-0.4734077245683853,-0.48916745442582815,0,1,0,0,1
0,2,0.7153281168824783,-0.4742788222764252,-0.4734077245683853,-0.38645367226008,0,1,0,0,1
1,1,1.4844396601708714,-0.4742788222764252,-0.4734077245683853,-0.12627440178137786,1,0,0,0,1
1,3,0.10003888225176391,-0.4742788222764252,-0.4734077245683853,-0.4733202886690932,1,0,0,0,1
0,3,0.02312772792292462,-0.4742788222764252,-0.4734077245683853,-0.5025817029254339,0,1,1,0,0
0,3,0.02312772792292462,0.43255042804180416,0.7671989889328833,-0.16207792852980063,1,0,0,0,1
0,2,0.3307723452382818,-0.4742788222764252,-0.4734077245683853,-0.38645367226008,0,1,0,0,1
1,2,0.10003888225176391,0.43255042804180416,0.7671989889328833,-0.11981881984517398,1,0,0,0,1
1,1,-1.4381842043250221,0.43255042804180416,2.007805702434152,1.7667485321470855,0,1,0,0,1
1,3,-2.2519042171241415,-0.4742788222764252,0.7671989889328833,-0.47667284462474024,0,1,1,0,0
1,3,-0.20760573506359328,-0.4742788222764252,-0.4734077245683853,-0.5076970674147825,0,1,0,0,1
0,3,0.10003888225176391,-0.4742788222764252,-0.4734077245683853,-0.4915983593444486,0,1,0,0,1
0,1,0.7153281168824783,-0.4742788222764252,-0.4734077245683853,-0.6480576784030067,0,1,0,0,1
0,3,-0.899806124023147,-0.4742788222764252,-0.4734077245683853,-0.4915983593444486,1,0,0,0,1
0,2,0.7153281168824783,-0.4742788222764252,-0.4734077245683853,-0.38645367226008,0,1,0,0,1
1,1,0.25386119090944254,0.43255042804180416,-0.4734077245683853,0.42049406976540915,1,0,0,0,1
0,3,-0.2845168893924326,-0.4742788222764252,-0.4734077245683853,-0.4893344785220579,0,1,0,0,1
0,3,0.7153281168824783,-0.4742788222764252,-0.4734077245683853,-0.16207792852980063,0,1,0,0,1
0,2,0.40768349956712113,-0.4742788222764252,-0.4734077245683853,-0.4367621349798736,0,1,0,0,1
0,3,-1.8227399759692184,3.1530381789964923,2.007805702434152,-0.01869880977838891,1,0,0,0,1
0,3,0.06158330508734427,-0.4742788222764252,-0.4734077245683853,-0.48606442844527126,0,1,0,0,1
0,1,5.438162427277613e-05,-0.4742788222764252,-0.4734077245683853,-0.6480576784030067,0,1,0,0,1
0,3,-0.5152503523789504,-0.4742788222764252,-0.4734077245683853,-0.48857985158126094,1,0,0,0,1
0,2,0.10003888225176391,0.43255042804180416,0.7671989889328833,0.09659208806730762,0,1,1,0,0
0,3,1.0229727341978354,-0.4742788222764252,-0.4734077245683853,-0.5182618445859392,0,1,0,0,1
0,3,-1.5150953586538614,2.246208928678263,2.007805702434152,-0.08661523445011025,0,1,0,0,1
1,1,1.7151731231573892,0.43255042804180416,0.7671989889328833,1.2334788273172734,1,0,0,0,1
1,3,-0.20760573506359328,-0.4742788222764252,-0.4734077245683853,-0.47373885507892183,0,1,0,0,1
0,1,0.638416962553639,-0.4742788222764252,-0.4734077245683853,-0.6480576784030067,0,1,0,0,1
1,3,-0.20760573506359328,-0.4742788222764252,0.7671989889328833,-0.3970184494312366,1,0,0,0,1
0,3,-2.1303845932845755,3.1530381789964923,0.7671989889328833,0.15058916727371655,0,1,0,0,1
0,3,5.438162427277613e-05,-0.4742788222764252,-0.4734077245683853,-0.5082001520419804,0,1,0,1,0
0,3,5.438162427277613e-05,-0.4742788222764252,-0.4734077245683853,0.4888290608469592,0,1,0,0,1
1,2,-2.207295747613415,-0.4742788222764252,2.007805702434152,0.09659208806730762,0,1,1,0,0
1,3,5.438162427277613e-05,-0.4742788222764252,-0.4734077245683853,-0.4921014439716465,0,1,0,1,0
1,1,2.4842846664457823,-0.4742788222764252,-0.4734077245683853,0.9618131286303881,1,0,0,0,1
1,3,-1.1305395870096648,0.43255042804180416,-0.4734077245683853,-0.35719024566523044,1,0,1,0,0
1,2,-2.220370643849318,0.43255042804180416,0.7671989889328833,-0.27074420800455473,0,1,0,0,1
0,3,5.438162427277613e-05,-0.4742788222764252,-0.4734077245683853,-0.5025817029254339,0,1,1,0,0
0,3,-0.5152503523789504,-0.4742788222764252,-0.4734077245683853,-0.49000458724548557,0,1,0,0,1
0,3,-0.899806124023147,-0.4742788222764252,-0.4734077245683853,-0.4810335821732919,0,1,0,0,1
1,1,0.7153281168824783,0.43255042804180416,0.7671989889328833,1.0253688157535576,1,0,1,0,0
0,3,-0.6690726610366291,-0.4742788222764252,-0.4734077245683853,-0.47373885507892183,0,1,0,0,1
0,3,5.438162427277613e-05,-0.4742788222764252,-0.4734077245683853,-0.48606442844527126,0,1,0,0,1
1,3,0.1769500365806032,-0.4742788222764252,-0.4734077245683853,0.4888290608469592,0,1,0,0,1
1,1,5.438162427277613e-05,-0.4742788222764252,-0.4734077245683853,-0.05039314129185885,0,1,1,0,0
0,3,-0.7459838153654683,-0.4742788222764252,-0.4734077245683853,-0.48857985158126094,0,1,0,0,1
0,2,-1.0536284326808256,-0.4742788222764252,-0.4734077245683853,-0.4367621349798736,0,1,0,0,1
1,1,0.02312772792292462,-0.4742788222764252,-0.4734077245683853,-0.024232740677566172,1,0,1,0,0
0,3,0.36922792240270147,-0.4742788222764252,-0.4734077245683853,-0.5185133868995382,0,1,1,0,0
0,3,-0.9767172783519863,-0.4742788222764252,-0.4734077245683853,-0.47373885507892183,0,1,0,0,1
0,3,0.9460615798689962,-0.4742788222764252,-0.4734077245683853,-0.49612612098923,0,1,0,0,1
0,3,5.438162427277613e-05,6.780355180269409,2.007805702434152,0.7515237544616509,0,1,0,0,1
0,3,0.40768349956712113,-0.4742788222764252,-0.4734077245683853,-0.48916745442582815,0,1,1,0,0
0,2,-0.13069458073475398,-0.4742788222764252,0.7671989889328833,0.016014029498268696,0,1,0,0,1
1,1,5.438162427277613e-05,0.43255042804180416,-0.4734077245683853,1.1450204511478062,1,0,1,0,0
0,3,-1.976562284626897,3.1530381789964923,2.007805702434152,-0.01869880977838891,0,1,0,0,1
0,3,3.4072185183918537,-0.4742788222764252,-0.4734077245683853,-0.4915983593444486,0,1,0,0,1
0,3,-1.5920065129827006,0.43255042804180416,0.7671989889328833,-0.34126057402963506,1,0,1,0,0
1,1,-1.0536284326808256,-0.4742788222764252,0.7671989889328833,0.14480369406094024,1,0,0,0,1
0,2,1.0998838885266748,0.43255042804180416,-0.4734077245683853,-0.12484966611715334,1,0,0,0,1
1,3,-0.899806124023147,-0.4742788222764252,0.7671989889328833,-0.4599040278309786,1,0,0,0,1
1,1,1.176795042855514,0.43255042804180416,0.7671989889328833,2.6696184138711505,1,0,0,0,1
1,1,1.6382619688285498,-0.4742788222764252,-0.4734077245683853,-0.11378180431879874,0,1,0,0,1
1,3,-0.4383391980501112,-0.4742788222764252,3.2484124159354204,-0.26051549136436636,1,0,1,0,0
0,3,5.438162427277613e-05,-0.4742788222764252,-0.4734077245683853,-0.5025817029254339,0,1,1,0,0
0,3,0.8691504255401569,1.3393796783600334,-0.4734077245683853,-0.3641509245671411,0,1,0,0,1
0,2,-0.6690726610366291,0.43255042804180416,-0.4734077245683853,-0.41663874989195615,0,1,0,0,1
1,1,1.407528505842032,-0.4742788222764252,-0.4734077245683853,-0.12627440178137786,1,0,0,0,1
0,3,5.438162427277613e-05,6.780355180269409,2.007805702434152,0.7515237544616509,1,0,0,0,1
0,2,-0.4383391980501112,-0.4742788222764252,-0.4734077245683853,-0.38645367226008,0,1,0,0,1
1,2,0.9460615798689962,-0.4742788222764252,-0.4734077245683853,-0.38645367226008,1,0,0,0,1
1,2,-0.20760573506359328,0.43255042804180416,-0.4734077245683853,-0.36918177083912046,1,0,1,0,0
0,1,0.10003888225176391,-0.4742788222764252,-0.4734077245683853,0.3680887503194546,0,1,0,0,1
0,3,5.438162427277613e-05,-0.4742788222764252,-0.4734077245683853,-0.456885520067791,0,1,0,0,1
1,3,-1.976562284626897,0.43255042804180416,0.7671989889328833,-0.4240179952036955,0,1,0,0,1
0,3,-0.2845168893924326,-0.4742788222764252,-0.4734077245683853,-0.48916745442582815,0,1,0,0,1
1,1,1.3306173515131927,0.43255042804180416,0.7671989889328833,0.4095107261844238,1,0,0,0,1
0,1,0.25386119090944254,-0.4742788222764252,-0.4734077245683853,-0.5474407529634194,0,1,0,0,1
0,3,1.3306173515131927,-0.4742788222764252,-0.4734077245683853,-0.4669472126117497,0,1,0,0,1
1,2,-0.13069458073475398,0.43255042804180416,-0.4734077245683853,-0.1650964362929882,1,0,1,0,0
1,3,-1.1305395870096648,-0.4742788222764252,-0.4734077245683853,-0.5026662211428031,1,0,1,0,0
0,3,-0.7459838153654683,-0.4742788222764252,-0.4734077245683853,-0.44992685350438916,0,1,0,0,1
0,3,-0.8228949696943076,-0.4742788222764252,-0.4734077245683853,-0.48916745442582815,0,1,0,0,1
0,3,5.438162427277613e-05,-0.4742788222764252,-0.4734077245683853,-0.48916745442582815,0,1,0,0,1
1,1,2.0228177404727465,-0.4742788222764252,0.7671989889328833,1.0253688157535576,1,0,1,0,0
1,2,-0.36142804372127185,-0.4742788222764252,0.7671989889328833,-0.12484966611715334,1,0,0,0,1
0,3,0.25386119090944254,-0.4742788222764252,-0.4734077245683853,-0.48916745442582815,0,1,0,0,1
0,3,-0.5921615067077898,-0.4742788222764252,-0.4734077245683853,-0.43642607444890535,1,0,0,0,1
0,2,-0.13069458073475398,-0.4742788222764252,-0.4734077245683853,-0.4367621349798736,0,1,0,0,1
0,3,-0.36142804372127185,-0.4742788222764252,-0.4734077245683853,-0.5061878135331888,0,1,0,0,1
0,3,0.7153281168824783,-0.4742788222764252,5.729625842937959,-0.06196408771741136,1,0,0,1,0
0,2,-0.20760573506359328,-0.4742788222764252,-0.4734077245683853,-0.38645367226008,0,1,0,0,1
1,1,-0.8228949696943076,-0.4742788222764252,-0.4734077245683853,-0.04435612576548361,1,0,0,0,1
0,3,5.438162427277613e-05,0.43255042804180416,2.007805702434152,-0.17616429809134282,1,0,0,0,1
1,1,-0.2845168893924326,-0.4742788222764252,-0.4734077245683853,-0.04435612576548361,0,1,1,0,0
0,3,0.1769500365806032,-0.4742788222764252,-0.4734077245683853,-0.4921014439716465,0,1,0,1,0
